type,text,awakened,vaal,support,exceptional,Superior,Anomalous,Divergent,Phantasmal,total,Superior->Anomalous,Superior->Divergent,Superior->Phantasmal,Anomalous->Superior,Anomalous->Divergent,Anomalous->Phantasmal,Divergent->Superior,Divergent->Anomalous,Divergent->Phantasmal,Phantasmal->Superior,Phantasmal->Anomalous,Phantasmal->Divergent
Absolution,Absolution,False,False,False,False,100,50,50,0,200,0.5,0.5,0.0,0.6666666666666666,0.3333333333333333,0.0,0.6666666666666666,0.3333333333333333,0.0,0.5,0.25,0.25
Infernal Cry,Infernal Cry,False,False,False,False,50,100,50,10,210,0.625,0.3125,0.0625,0.45454545454545453,0.45454545454545453,0.09090909090909091,0.3125,0.625,0.0625,0.25,0.5,0.25
Alchemist's Mark,Alchemist's Mark,False,False,False,False,50,50,20,0,120,0.7142857142857143,0.2857142857142857,0.0,0.7142857142857143,0.2857142857142857,0.0,0.5,0.5,0.0,0.4166666666666667,0.4166666666666667,0.16666666666666666
Ambush,Ambush,False,False,False,False,50,50,20,0,120,0.7142857142857143,0.2857142857142857,0.0,0.7142857142857143,0.2857142857142857,0.0,0.5,0.5,0.0,0.4166666666666667,0.4166666666666667,0.16666666666666666
Ancestral Cry,Ancestral Cry,False,False,False,False,50,100,100,0,250,0.5,0.5,0.0,0.3333333333333333,0.6666666666666666,0.0,0.3333333333333333,0.6666666666666666,0.0,0.2,0.4,0.4
Ancestral Warchief,Ancestral Warchief,False,True,False,False,50,100,20,100,270,0.45454545454545453,0.09090909090909091,0.45454545454545453,0.29411764705882354,0.11764705882352941,0.5882352941176471,0.2,0.4,0.4,0.29411764705882354,0.5882352941176471,0.11764705882352941
Anger,Anger,False,False,False,False,50,100,5,0,155,0.9523809523809523,0.047619047619047616,0.0,0.9090909090909091,0.09090909090909091,0.0,0.3333333333333333,0.6666666666666666,0.0,0.3225806451612903,0.6451612903225806,0.03225806451612903
Animate Guardian,Animate Guardian,False,False,False,False,50,100,100,0,250,0.5,0.5,0.0,0.3333333333333333,0.6666666666666666,0.0,0.3333333333333333,0.6666666666666666,0.0,0.2,0.4,0.4
Animate Weapon,Animate Weapon,False,False,False,False,50,100,50,20,220,0.5882352941176471,0.29411764705882354,0.11764705882352941,0.4166666666666667,0.4166666666666667,0.16666666666666666,0.29411764705882354,0.5882352941176471,0.11764705882352941,0.25,0.5,0.25
Arc,Arc,False,True,False,False,50,100,50,20,220,0.5882352941176471,0.29411764705882354,0.11764705882352941,0.4166666666666667,0.4166666666666667,0.16666666666666666,0.29411764705882354,0.5882352941176471,0.11764705882352941,0.25,0.5,0.25
Arcane Cloak,Arcane Cloak,False,False,False,False,50,100,20,0,170,0.8333333333333334,0.16666666666666666,0.0,0.7142857142857143,0.2857142857142857,0.0,0.3333333333333333,0.6666666666666666,0.0,0.29411764705882354,0.5882352941176471,0.11764705882352941
Arcanist Brand,Arcanist Brand,False,False,False,False,50,100,100,100,350,0.3333333333333333,0.3333333333333333,0.3333333333333333,0.2,0.4,0.4,0.2,0.4,0.4,0.2,0.4,0.4
Arctic Armour,Arctic Armour,False,False,False,False,50,100,10,0,160,0.9090909090909091,0.09090909090909091,0.0,0.8333333333333334,0.16666666666666666,0.0,0.3333333333333333,0.6666666666666666,0.0,0.3125,0.625,0.0625
Creeping Frost,Creeping Frost,False,False,False,False,50,100,10,50,210,0.625,0.0625,0.3125,0.45454545454545453,0.09090909090909091,0.45454545454545453,0.25,0.5,0.25,0.3125,0.625,0.0625
Armageddon Brand,Armageddon Brand,False,False,False,False,50,100,20,0,170,0.8333333333333334,0.16666666666666666,0.0,0.7142857142857143,0.2857142857142857,0.0,0.3333333333333333,0.6666666666666666,0.0,0.29411764705882354,0.5882352941176471,0.11764705882352941
Artillery Ballista,Artillery Ballista,False,False,False,False,50,100,10,0,160,0.9090909090909091,0.09090909090909091,0.0,0.8333333333333334,0.16666666666666666,0.0,0.3333333333333333,0.6666666666666666,0.0,0.3125,0.625,0.0625
Ball Lightning,Ball Lightning,False,False,False,False,50,100,20,0,170,0.8333333333333334,0.16666666666666666,0.0,0.7142857142857143,0.2857142857142857,0.0,0.3333333333333333,0.6666666666666666,0.0,0.29411764705882354,0.5882352941176471,0.11764705882352941
Barrage,Barrage,False,False,False,False,50,100,100,20,270,0.45454545454545453,0.45454545454545453,0.09090909090909091,0.29411764705882354,0.5882352941176471,0.11764705882352941,0.29411764705882354,0.5882352941176471,0.11764705882352941,0.2,0.4,0.4
Battlemage's Cry,Battlemage's Cry,False,False,False,False,100,50,50,0,200,0.5,0.5,0.0,0.6666666666666666,0.3333333333333333,0.0,0.6666666666666666,0.3333333333333333,0.0,0.5,0.25,0.25
Bear Trap,Bear Trap,False,False,False,False,50,100,100,20,270,0.45454545454545453,0.45454545454545453,0.09090909090909091,0.29411764705882354,0.5882352941176471,0.11764705882352941,0.29411764705882354,0.5882352941176471,0.11764705882352941,0.2,0.4,0.4
Berserk,Berserk,False,False,False,False,50,100,20,0,170,0.8333333333333334,0.16666666666666666,0.0,0.7142857142857143,0.2857142857142857,0.0,0.3333333333333333,0.6666666666666666,0.0,0.29411764705882354,0.5882352941176471,0.11764705882352941
Blade Blast,Blade Blast,False,False,False,False,50,20,10,100,180,0.15384615384615385,0.07692307692307693,0.7692307692307693,0.3125,0.0625,0.625,0.29411764705882354,0.11764705882352941,0.5882352941176471,0.625,0.25,0.125
Bladefall,Bladefall,False,False,False,False,50,100,100,0,250,0.5,0.5,0.0,0.3333333333333333,0.6666666666666666,0.0,0.3333333333333333,0.6666666666666666,0.0,0.2,0.4,0.4
Bladestorm,Bladestorm,False,False,False,False,50,100,100,20,270,0.45454545454545453,0.45454545454545453,0.09090909090909091,0.29411764705882354,0.5882352941176471,0.11764705882352941,0.29411764705882354,0.5882352941176471,0.11764705882352941,0.2,0.4,0.4
Blade Trap,Blade Trap,False,False,False,False,100,50,50,0,200,0.5,0.5,0.0,0.6666666666666666,0.3333333333333333,0.0,0.6666666666666666,0.3333333333333333,0.0,0.5,0.25,0.25
Blade Vortex,Blade Vortex,False,True,False,False,50,10,100,100,260,0.047619047619047616,0.47619047619047616,0.47619047619047616,0.2,0.4,0.4,0.3125,0.0625,0.625,0.3125,0.0625,0.625
Blast Rain,Blast Rain,False,False,False,False,50,100,100,100,350,0.3333333333333333,0.3333333333333333,0.3333333333333333,0.2,0.4,0.4,0.2,0.4,0.4,0.2,0.4,0.4
Blazing Salvo,Blazing Salvo,False,False,False,False,50,100,20,0,170,0.8333333333333334,0.16666666666666666,0.0,0.7142857142857143,0.2857142857142857,0.0,0.3333333333333333,0.6666666666666666,0.0,0.29411764705882354,0.5882352941176471,0.11764705882352941
Blight,Blight,False,True,False,False,50,100,100,0,250,0.5,0.5,0.0,0.3333333333333333,0.6666666666666666,0.0,0.3333333333333333,0.6666666666666666,0.0,0.2,0.4,0.4
Blink Arrow,Blink Arrow,False,False,False,False,50,100,100,20,270,0.45454545454545453,0.45454545454545453,0.09090909090909091,0.29411764705882354,0.5882352941176471,0.11764705882352941,0.29411764705882354,0.5882352941176471,0.11764705882352941,0.2,0.4,0.4
Blood and Sand,Blood and Sand,False,False,False,False,50,100,100,0,250,0.5,0.5,0.0,0.3333333333333333,0.6666666666666666,0.0,0.3333333333333333,0.6666666666666666,0.0,0.2,0.4,0.4
Blood Rage,Blood Rage,False,False,False,False,50,5,50,0,105,0.09090909090909091,0.9090909090909091,0.0,0.5,0.5,0.0,0.9090909090909091,0.09090909090909091,0.0,0.47619047619047616,0.047619047619047616,0.47619047619047616
Reap,Reap,False,False,False,False,100,50,50,0,200,0.5,0.5,0.0,0.6666666666666666,0.3333333333333333,0.0,0.6666666666666666,0.3333333333333333,0.0,0.5,0.25,0.25
Unearth,Unearth,False,False,False,False,50,100,100,20,270,0.45454545454545453,0.45454545454545453,0.09090909090909091,0.29411764705882354,0.5882352941176471,0.11764705882352941,0.29411764705882354,0.5882352941176471,0.11764705882352941,0.2,0.4,0.4
Bone Offering,Bone Offering,False,False,False,False,50,20,5,0,75,0.8,0.2,0.0,0.9090909090909091,0.09090909090909091,0.0,0.7142857142857143,0.2857142857142857,0.0,0.6666666666666666,0.26666666666666666,0.06666666666666667
Boneshatter,Boneshatter,False,False,False,False,50,50,10,0,110,0.8333333333333334,0.16666666666666666,0.0,0.8333333333333334,0.16666666666666666,0.0,0.5,0.5,0.0,0.45454545454545453,0.45454545454545453,0.09090909090909091
Burning Arrow,Burning Arrow,False,True,False,False,50,100,100,0,250,0.5,0.5,0.0,0.3333333333333333,0.6666666666666666,0.0,0.3333333333333333,0.6666666666666666,0.0,0.2,0.4,0.4
Chain Hook,Chain Hook,False,False,False,False,50,100,50,0,200,0.6666666666666666,0.3333333333333333,0.0,0.5,0.5,0.0,0.3333333333333333,0.6666666666666666,0.0,0.25,0.5,0.25
Blade Flurry,Blade Flurry,False,True,False,False,50,100,50,0,200,0.6666666666666666,0.3333333333333333,0.0,0.5,0.5,0.0,0.3333333333333333,0.6666666666666666,0.0,0.25,0.5,0.25
Charged Dash,Charged Dash,False,False,False,False,50,20,100,0,170,0.16666666666666666,0.8333333333333334,0.0,0.3333333333333333,0.6666666666666666,0.0,0.7142857142857143,0.2857142857142857,0.0,0.29411764705882354,0.11764705882352941,0.5882352941176471
Clarity,Clarity,False,True,False,False,50,100,100,0,250,0.5,0.5,0.0,0.3333333333333333,0.6666666666666666,0.0,0.3333333333333333,0.6666666666666666,0.0,0.2,0.4,0.4
Cleave,Cleave,False,True,False,False,50,20,50,50,170,0.16666666666666666,0.4166666666666667,0.4166666666666667,0.3333333333333333,0.3333333333333333,0.3333333333333333,0.4166666666666667,0.16666666666666666,0.4166666666666667,0.4166666666666667,0.16666666666666666,0.4166666666666667
Cobra Lash,Cobra Lash,False,False,False,False,50,100,100,0,250,0.5,0.5,0.0,0.3333333333333333,0.6666666666666666,0.0,0.3333333333333333,0.6666666666666666,0.0,0.2,0.4,0.4
Purity of Ice,Purity of Ice,False,False,False,False,50,100,10,0,160,0.9090909090909091,0.09090909090909091,0.0,0.8333333333333334,0.16666666666666666,0.0,0.3333333333333333,0.6666666666666666,0.0,0.3125,0.625,0.0625
Cold Snap,Cold Snap,False,True,False,False,50,100,100,0,250,0.5,0.5,0.0,0.3333333333333333,0.6666666666666666,0.0,0.3333333333333333,0.6666666666666666,0.0,0.2,0.4,0.4
Conductivity,Conductivity,False,False,False,False,50,100,100,0,250,0.5,0.5,0.0,0.3333333333333333,0.6666666666666666,0.0,0.3333333333333333,0.6666666666666666,0.0,0.2,0.4,0.4
Consecrated Path,Consecrated Path,False,False,False,False,50,100,50,50,250,0.5,0.25,0.25,0.3333333333333333,0.3333333333333333,0.3333333333333333,0.25,0.5,0.25,0.25,0.5,0.25
Contagion,Contagion,False,False,False,False,50,100,20,0,170,0.8333333333333334,0.16666666666666666,0.0,0.7142857142857143,0.2857142857142857,0.0,0.3333333333333333,0.6666666666666666,0.0,0.29411764705882354,0.5882352941176471,0.11764705882352941
Conversion Trap,Conversion Trap,False,False,False,False,50,100,100,0,250,0.5,0.5,0.0,0.3333333333333333,0.6666666666666666,0.0,0.3333333333333333,0.6666666666666666,0.0,0.2,0.4,0.4
Convocation,Convocation,False,False,False,False,50,100,5,0,155,0.9523809523809523,0.047619047619047616,0.0,0.9090909090909091,0.09090909090909091,0.0,0.3333333333333333,0.6666666666666666,0.0,0.3225806451612903,0.6451612903225806,0.03225806451612903
Cremation,Cremation,False,False,False,False,50,100,50,10,210,0.625,0.3125,0.0625,0.45454545454545453,0.45454545454545453,0.09090909090909091,0.3125,0.625,0.0625,0.25,0.5,0.25
Bodyswap,Bodyswap,False,False,False,False,50,100,100,20,270,0.45454545454545453,0.45454545454545453,0.09090909090909091,0.29411764705882354,0.5882352941176471,0.11764705882352941,0.29411764705882354,0.5882352941176471,0.11764705882352941,0.2,0.4,0.4
Corrupting Fever,Corrupting Fever,False,False,False,False,100,50,50,0,200,0.5,0.5,0.0,0.6666666666666666,0.3333333333333333,0.0,0.6666666666666666,0.3333333333333333,0.0,0.5,0.25,0.25
Crackling Lance,Crackling Lance,False,False,False,False,50,20,100,100,270,0.09090909090909091,0.45454545454545453,0.45454545454545453,0.2,0.4,0.4,0.29411764705882354,0.11764705882352941,0.5882352941176471,0.29411764705882354,0.11764705882352941,0.5882352941176471
Assassin's Mark,Assassin's Mark,False,False,False,False,50,100,100,0,250,0.5,0.5,0.0,0.3333333333333333,0.6666666666666666,0.0,0.3333333333333333,0.6666666666666666,0.0,0.2,0.4,0.4
Cyclone,Cyclone,False,True,False,False,50,100,100,100,350,0.3333333333333333,0.3333333333333333,0.3333333333333333,0.2,0.4,0.4,0.2,0.4,0.4,0.2,0.4,0.4
Malevolence,Malevolence,False,False,False,False,50,5,100,0,155,0.047619047619047616,0.9523809523809523,0.0,0.3333333333333333,0.6666666666666666,0.0,0.9090909090909091,0.09090909090909091,0.0,0.3225806451612903,0.03225806451612903,0.6451612903225806
Dark Pact,Dark Pact,False,False,False,False,50,100,50,0,200,0.6666666666666666,0.3333333333333333,0.0,0.5,0.5,0.0,0.3333333333333333,0.6666666666666666,0.0,0.25,0.5,0.25
Bane,Bane,False,False,False,False,50,100,5,0,155,0.9523809523809523,0.047619047619047616,0.0,0.9090909090909091,0.09090909090909091,0.0,0.3333333333333333,0.6666666666666666,0.0,0.3225806451612903,0.6451612903225806,0.03225806451612903
Dash,Dash,False,False,False,False,50,100,20,0,170,0.8333333333333334,0.16666666666666666,0.0,0.7142857142857143,0.2857142857142857,0.0,0.3333333333333333,0.6666666666666666,0.0,0.29411764705882354,0.5882352941176471,0.11764705882352941
Decoy Totem,Decoy Totem,False,False,False,False,50,100,100,10,260,0.47619047619047616,0.47619047619047616,0.047619047619047616,0.3125,0.625,0.0625,0.3125,0.625,0.0625,0.2,0.4,0.4
Defiance Banner,Defiance Banner,False,False,False,False,50,10,100,0,160,0.09090909090909091,0.9090909090909091,0.0,0.3333333333333333,0.6666666666666666,0.0,0.8333333333333334,0.16666666666666666,0.0,0.3125,0.0625,0.625
Desecrate,Desecrate,False,False,False,False,50,100,100,10,260,0.47619047619047616,0.47619047619047616,0.047619047619047616,0.3125,0.625,0.0625,0.3125,0.625,0.0625,0.2,0.4,0.4
Destructive Link,Destructive Link,False,False,False,False,100,50,50,0,200,0.5,0.5,0.0,0.6666666666666666,0.3333333333333333,0.0,0.6666666666666666,0.3333333333333333,0.0,0.5,0.25,0.25
Determination,Determination,False,False,False,False,50,100,10,0,160,0.9090909090909091,0.09090909090909091,0.0,0.8333333333333334,0.16666666666666666,0.0,0.3333333333333333,0.6666666666666666,0.0,0.3125,0.625,0.0625
Detonate Dead,Detonate Dead,False,True,False,False,50,10,20,0,80,0.3333333333333333,0.6666666666666666,0.0,0.7142857142857143,0.2857142857142857,0.0,0.8333333333333334,0.16666666666666666,0.0,0.625,0.125,0.25
Detonate Mines,Detonate Mines,False,False,False,False,1000,1,0,0,1001,1.0,0.0,0.0,1.0,0.0,0.0,0.999000999000999,0.000999000999000999,0.0,0.999000999000999,0.000999000999000999,0.0
Devouring Totem,Devouring Totem,False,False,False,False,50,100,100,0,250,0.5,0.5,0.0,0.3333333333333333,0.6666666666666666,0.0,0.3333333333333333,0.6666666666666666,0.0,0.2,0.4,0.4
Discharge,Discharge,False,False,False,False,50,100,5,20,175,0.8,0.04,0.16,0.6666666666666666,0.06666666666666667,0.26666666666666666,0.29411764705882354,0.5882352941176471,0.11764705882352941,0.3225806451612903,0.6451612903225806,0.03225806451612903
Discipline,Discipline,False,True,False,False,50,100,20,0,170,0.8333333333333334,0.16666666666666666,0.0,0.7142857142857143,0.2857142857142857,0.0,0.3333333333333333,0.6666666666666666,0.0,0.29411764705882354,0.5882352941176471,0.11764705882352941
Divine Ire,Divine Ire,False,False,False,False,50,100,20,0,170,0.8333333333333334,0.16666666666666666,0.0,0.7142857142857143,0.2857142857142857,0.0,0.3333333333333333,0.6666666666666666,0.0,0.29411764705882354,0.5882352941176471,0.11764705882352941
Dominating Blow,Dominating Blow,False,False,False,False,50,100,50,10,210,0.625,0.3125,0.0625,0.45454545454545453,0.45454545454545453,0.09090909090909091,0.3125,0.625,0.0625,0.25,0.5,0.25
Double Strike,Double Strike,False,True,False,False,50,100,100,0,250,0.5,0.5,0.0,0.3333333333333333,0.6666666666666666,0.0,0.3333333333333333,0.6666666666666666,0.0,0.2,0.4,0.4
Dread Banner,Dread Banner,False,False,False,False,50,10,100,0,160,0.09090909090909091,0.9090909090909091,0.0,0.3333333333333333,0.6666666666666666,0.0,0.8333333333333334,0.16666666666666666,0.0,0.3125,0.0625,0.625
Dual Strike,Dual Strike,False,False,False,False,50,100,100,20,270,0.45454545454545453,0.45454545454545453,0.09090909090909091,0.29411764705882354,0.5882352941176471,0.11764705882352941,0.29411764705882354,0.5882352941176471,0.11764705882352941,0.2,0.4,0.4
Earthquake,Earthquake,False,True,False,False,50,100,100,5,255,0.4878048780487805,0.4878048780487805,0.024390243902439025,0.3225806451612903,0.6451612903225806,0.03225806451612903,0.3225806451612903,0.6451612903225806,0.03225806451612903,0.2,0.4,0.4
Earthshatter,Earthshatter,False,False,False,False,50,20,100,100,270,0.09090909090909091,0.45454545454545453,0.45454545454545453,0.2,0.4,0.4,0.29411764705882354,0.11764705882352941,0.5882352941176471,0.29411764705882354,0.11764705882352941,0.5882352941176471
Elemental Hit,Elemental Hit,False,False,False,False,50,100,100,0,250,0.5,0.5,0.0,0.3333333333333333,0.6666666666666666,0.0,0.3333333333333333,0.6666666666666666,0.0,0.2,0.4,0.4
Elemental Weakness,Elemental Weakness,False,False,False,False,50,100,100,0,250,0.5,0.5,0.0,0.3333333333333333,0.6666666666666666,0.0,0.3333333333333333,0.6666666666666666,0.0,0.2,0.4,0.4
Enduring Cry,Enduring Cry,False,False,False,False,50,100,20,0,170,0.8333333333333334,0.16666666666666666,0.0,0.7142857142857143,0.2857142857142857,0.0,0.3333333333333333,0.6666666666666666,0.0,0.29411764705882354,0.5882352941176471,0.11764705882352941
Energy Blade,Energy Blade,False,False,False,False,100,50,50,0,200,0.5,0.5,0.0,0.6666666666666666,0.3333333333333333,0.0,0.6666666666666666,0.3333333333333333,0.0,0.5,0.25,0.25
Enfeeble,Enfeeble,False,False,False,False,50,100,100,0,250,0.5,0.5,0.0,0.3333333333333333,0.6666666666666666,0.0,0.3333333333333333,0.6666666666666666,0.0,0.2,0.4,0.4
Ensnaring Arrow,Ensnaring Arrow,False,False,False,False,50,100,20,0,170,0.8333333333333334,0.16666666666666666,0.0,0.7142857142857143,0.2857142857142857,0.0,0.3333333333333333,0.6666666666666666,0.0,0.29411764705882354,0.5882352941176471,0.11764705882352941
Essence Drain,Essence Drain,False,False,False,False,50,100,20,0,170,0.8333333333333334,0.16666666666666666,0.0,0.7142857142857143,0.2857142857142857,0.0,0.3333333333333333,0.6666666666666666,0.0,0.29411764705882354,0.5882352941176471,0.11764705882352941
Ethereal Knives,Ethereal Knives,False,False,False,False,50,100,20,0,170,0.8333333333333334,0.16666666666666666,0.0,0.7142857142857143,0.2857142857142857,0.0,0.3333333333333333,0.6666666666666666,0.0,0.29411764705882354,0.5882352941176471,0.11764705882352941
Explosive Arrow,Explosive Arrow,False,False,False,False,50,100,20,0,170,0.8333333333333334,0.16666666666666666,0.0,0.7142857142857143,0.2857142857142857,0.0,0.3333333333333333,0.6666666666666666,0.0,0.29411764705882354,0.5882352941176471,0.11764705882352941
Explosive Concoction,Explosive Concoction,False,False,False,False,100,50,50,0,200,0.5,0.5,0.0,0.6666666666666666,0.3333333333333333,0.0,0.6666666666666666,0.3333333333333333,0.0,0.5,0.25,0.25
Exsanguinate,Exsanguinate,False,False,False,False,100,50,50,0,200,0.5,0.5,0.0,0.6666666666666666,0.3333333333333333,0.0,0.6666666666666666,0.3333333333333333,0.0,0.5,0.25,0.25
Eye of Winter,Eye of Winter,False,False,False,False,100,50,50,0,200,0.5,0.5,0.0,0.6666666666666666,0.3333333333333333,0.0,0.6666666666666666,0.3333333333333333,0.0,0.5,0.25,0.25
Fireball,Fireball,False,True,False,False,50,100,40,10,200,0.6666666666666666,0.26666666666666666,0.06666666666666667,0.5,0.4,0.1,0.3125,0.625,0.0625,0.2631578947368421,0.5263157894736842,0.21052631578947367
Scorching Ray,Scorching Ray,False,False,False,False,50,100,50,0,200,0.6666666666666666,0.3333333333333333,0.0,0.5,0.5,0.0,0.3333333333333333,0.6666666666666666,0.0,0.25,0.5,0.25
Pyroclast Mine,Pyroclast Mine,False,False,False,False,50,100,100,100,350,0.3333333333333333,0.3333333333333333,0.3333333333333333,0.2,0.4,0.4,0.2,0.4,0.4,0.2,0.4,0.4
Purity of Fire,Purity of Fire,False,False,False,False,50,100,10,0,160,0.9090909090909091,0.09090909090909091,0.0,0.8333333333333334,0.16666666666666666,0.0,0.3333333333333333,0.6666666666666666,0.0,0.3125,0.625,0.0625
Firestorm,Firestorm,False,False,False,False,100,50,20,0,170,0.7142857142857143,0.2857142857142857,0.0,0.8333333333333334,0.16666666666666666,0.0,0.6666666666666666,0.3333333333333333,0.0,0.5882352941176471,0.29411764705882354,0.11764705882352941
Fire Trap,Fire Trap,False,False,False,False,50,100,20,0,170,0.8333333333333334,0.16666666666666666,0.0,0.7142857142857143,0.2857142857142857,0.0,0.3333333333333333,0.6666666666666666,0.0,0.29411764705882354,0.5882352941176471,0.11764705882352941
Flameblast,Flameblast,False,True,False,False,50,10,20,50,130,0.125,0.25,0.625,0.4166666666666667,0.16666666666666666,0.4166666666666667,0.45454545454545453,0.09090909090909091,0.45454545454545453,0.625,0.125,0.25
Flame Dash,Flame Dash,False,False,False,False,50,100,50,0,200,0.6666666666666666,0.3333333333333333,0.0,0.5,0.5,0.0,0.3333333333333333,0.6666666666666666,0.0,0.25,0.5,0.25
Flame Link,Flame Link,False,False,False,False,100,50,50,0,200,0.5,0.5,0.0,0.6666666666666666,0.3333333333333333,0.0,0.6666666666666666,0.3333333333333333,0.0,0.5,0.25,0.25
Flamethrower Trap,Flamethrower Trap,False,False,False,False,50,100,100,0,250,0.5,0.5,0.0,0.3333333333333333,0.6666666666666666,0.0,0.3333333333333333,0.6666666666666666,0.0,0.2,0.4,0.4
Holy Flame Totem,Holy Flame Totem,False,False,False,False,50,20,100,100,270,0.09090909090909091,0.45454545454545453,0.45454545454545453,0.2,0.4,0.4,0.29411764705882354,0.11764705882352941,0.5882352941176471,0.29411764705882354,0.11764705882352941,0.5882352941176471
Flame Wall,Flame Wall,False,False,False,False,50,100,100,10,260,0.47619047619047616,0.47619047619047616,0.047619047619047616,0.3125,0.625,0.0625,0.3125,0.625,0.0625,0.2,0.4,0.4
Flame Surge,Flame Surge,False,False,False,False,50,10,100,0,160,0.09090909090909091,0.9090909090909091,0.0,0.3333333333333333,0.6666666666666666,0.0,0.8333333333333334,0.16666666666666666,0.0,0.3125,0.0625,0.625
Flammability,Flammability,False,False,False,False,50,100,100,0,250,0.5,0.5,0.0,0.3333333333333333,0.6666666666666666,0.0,0.3333333333333333,0.6666666666666666,0.0,0.2,0.4,0.4
Flesh and Stone,Flesh and Stone,False,False,False,False,50,100,100,0,250,0.5,0.5,0.0,0.3333333333333333,0.6666666666666666,0.0,0.3333333333333333,0.6666666666666666,0.0,0.2,0.4,0.4
Flesh Offering,Flesh Offering,False,False,False,False,50,20,100,0,170,0.16666666666666666,0.8333333333333334,0.0,0.3333333333333333,0.6666666666666666,0.0,0.7142857142857143,0.2857142857142857,0.0,0.29411764705882354,0.11764705882352941,0.5882352941176471
Flicker Strike,Flicker Strike,False,True,False,False,50,100,100,0,250,0.5,0.5,0.0,0.3333333333333333,0.6666666666666666,0.0,0.3333333333333333,0.6666666666666666,0.0,0.2,0.4,0.4
Forbidden Rite,Forbidden Rite,False,False,False,False,100,50,50,0,200,0.5,0.5,0.0,0.6666666666666666,0.3333333333333333,0.0,0.6666666666666666,0.3333333333333333,0.0,0.5,0.25,0.25
Icicle Mine,Icicle Mine,False,False,False,False,50,100,100,0,250,0.5,0.5,0.0,0.3333333333333333,0.6666666666666666,0.0,0.3333333333333333,0.6666666666666666,0.0,0.2,0.4,0.4
Freezing Pulse,Freezing Pulse,False,False,False,False,50,50,20,0,120,0.7142857142857143,0.2857142857142857,0.0,0.7142857142857143,0.2857142857142857,0.0,0.5,0.5,0.0,0.4166666666666667,0.4166666666666667,0.16666666666666666
Frenzy,Frenzy,False,False,False,False,50,100,20,50,220,0.5882352941176471,0.11764705882352941,0.29411764705882354,0.4166666666666667,0.16666666666666666,0.4166666666666667,0.25,0.5,0.25,0.29411764705882354,0.5882352941176471,0.11764705882352941
Frostbite,Frostbite,False,False,False,False,50,100,100,0,250,0.5,0.5,0.0,0.3333333333333333,0.6666666666666666,0.0,0.3333333333333333,0.6666666666666666,0.0,0.2,0.4,0.4
Frost Blades,Frost Blades,False,False,False,False,50,20,100,0,170,0.16666666666666666,0.8333333333333334,0.0,0.3333333333333333,0.6666666666666666,0.0,0.7142857142857143,0.2857142857142857,0.0,0.29411764705882354,0.11764705882352941,0.5882352941176471
Frostblink,Frostblink,False,False,False,False,50,100,100,0,250,0.5,0.5,0.0,0.3333333333333333,0.6666666666666666,0.0,0.3333333333333333,0.6666666666666666,0.0,0.2,0.4,0.4
Frostbolt,Frostbolt,False,False,False,False,50,10,100,20,180,0.07692307692307693,0.7692307692307693,0.15384615384615385,0.29411764705882354,0.5882352941176471,0.11764705882352941,0.625,0.125,0.25,0.3125,0.0625,0.625
Vortex,Vortex,False,False,False,False,50,100,50,100,300,0.4,0.2,0.4,0.25,0.25,0.5,0.2,0.4,0.4,0.25,0.5,0.25
Frost Bomb,Frost Bomb,False,False,False,False,50,100,100,50,300,0.4,0.4,0.2,0.25,0.5,0.25,0.25,0.5,0.25,0.2,0.4,0.4
Frost Shield,Frost Shield,False,False,False,False,50,100,50,20,220,0.5882352941176471,0.29411764705882354,0.11764705882352941,0.4166666666666667,0.4166666666666667,0.16666666666666666,0.29411764705882354,0.5882352941176471,0.11764705882352941,0.25,0.5,0.25
Frost Wall,Frost Wall,False,False,False,False,50,100,100,0,250,0.5,0.5,0.0,0.3333333333333333,0.6666666666666666,0.0,0.3333333333333333,0.6666666666666666,0.0,0.2,0.4,0.4
Frozen Legion,Frozen Legion,False,False,False,False,50,50,50,0,150,0.5,0.5,0.0,0.5,0.5,0.0,0.5,0.5,0.0,0.3333333333333333,0.3333333333333333,0.3333333333333333
Galvanic Field,Galvanic Field,False,False,False,False,50,50,10,20,130,0.625,0.125,0.25,0.625,0.125,0.25,0.4166666666666667,0.4166666666666667,0.16666666666666666,0.45454545454545453,0.45454545454545453,0.09090909090909091
General's Cry,General's Cry,False,False,False,False,50,100,50,0,200,0.6666666666666666,0.3333333333333333,0.0,0.5,0.5,0.0,0.3333333333333333,0.6666666666666666,0.0,0.25,0.5,0.25
Glacial Cascade,Glacial Cascade,False,False,False,False,50,100,20,0,170,0.8333333333333334,0.16666666666666666,0.0,0.7142857142857143,0.2857142857142857,0.0,0.3333333333333333,0.6666666666666666,0.0,0.29411764705882354,0.5882352941176471,0.11764705882352941
Glacial Hammer,Glacial Hammer,False,True,False,False,50,100,100,0,250,0.5,0.5,0.0,0.3333333333333333,0.6666666666666666,0.0,0.3333333333333333,0.6666666666666666,0.0,0.2,0.4,0.4
Grace,Grace,False,True,False,False,50,20,100,0,170,0.16666666666666666,0.8333333333333334,0.0,0.3333333333333333,0.6666666666666666,0.0,0.7142857142857143,0.2857142857142857,0.0,0.29411764705882354,0.11764705882352941,0.5882352941176471
Ground Slam,Ground Slam,False,True,False,False,50,100,50,0,200,0.6666666666666666,0.3333333333333333,0.0,0.5,0.5,0.0,0.3333333333333333,0.6666666666666666,0.0,0.25,0.5,0.25
Haste,Haste,False,True,False,False,50,100,100,10,260,0.47619047619047616,0.47619047619047616,0.047619047619047616,0.3125,0.625,0.0625,0.3125,0.625,0.0625,0.2,0.4,0.4
Hatred,Hatred,False,False,False,False,50,100,20,0,170,0.8333333333333334,0.16666666666666666,0.0,0.7142857142857143,0.2857142857142857,0.0,0.3333333333333333,0.6666666666666666,0.0,0.29411764705882354,0.5882352941176471,0.11764705882352941
Heavy Strike,Heavy Strike,False,False,False,False,50,50,10,0,110,0.8333333333333334,0.16666666666666666,0.0,0.8333333333333334,0.16666666666666666,0.0,0.5,0.5,0.0,0.45454545454545453,0.45454545454545453,0.09090909090909091
Herald of Agony,Herald of Agony,False,False,False,False,50,50,100,0,200,0.3333333333333333,0.6666666666666666,0.0,0.3333333333333333,0.6666666666666666,0.0,0.5,0.5,0.0,0.25,0.25,0.5
Herald of Ash,Herald of Ash,False,False,False,False,50,100,100,0,250,0.5,0.5,0.0,0.3333333333333333,0.6666666666666666,0.0,0.3333333333333333,0.6666666666666666,0.0,0.2,0.4,0.4
Herald of Ice,Herald of Ice,False,False,False,False,50,100,100,0,250,0.5,0.5,0.0,0.3333333333333333,0.6666666666666666,0.0,0.3333333333333333,0.6666666666666666,0.0,0.2,0.4,0.4
Herald of Purity,Herald of Purity,False,False,False,False,50,100,50,0,200,0.6666666666666666,0.3333333333333333,0.0,0.5,0.5,0.0,0.3333333333333333,0.6666666666666666,0.0,0.25,0.5,0.25
Herald of Thunder,Herald of Thunder,False,False,False,False,50,100,20,0,170,0.8333333333333334,0.16666666666666666,0.0,0.7142857142857143,0.2857142857142857,0.0,0.3333333333333333,0.6666666666666666,0.0,0.29411764705882354,0.5882352941176471,0.11764705882352941
Hexblast,Hexblast,False,False,False,False,50,100,100,10,260,0.47619047619047616,0.47619047619047616,0.047619047619047616,0.3125,0.625,0.0625,0.3125,0.625,0.0625,0.2,0.4,0.4
Hydrosphere,Hydrosphere,False,False,False,False,50,100,100,0,250,0.5,0.5,0.0,0.3333333333333333,0.6666666666666666,0.0,0.3333333333333333,0.6666666666666666,0.0,0.2,0.4,0.4
Ice Crash,Ice Crash,False,False,False,False,50,100,100,50,300,0.4,0.4,0.2,0.25,0.5,0.25,0.25,0.5,0.25,0.2,0.4,0.4
Ice Nova,Ice Nova,False,True,False,False,50,100,100,100,350,0.3333333333333333,0.3333333333333333,0.3333333333333333,0.2,0.4,0.4,0.2,0.4,0.4,0.2,0.4,0.4
Ice Shot,Ice Shot,False,False,False,False,50,100,100,0,250,0.5,0.5,0.0,0.3333333333333333,0.6666666666666666,0.0,0.3333333333333333,0.6666666666666666,0.0,0.2,0.4,0.4
Siphoning Trap,Siphoning Trap,False,False,False,False,50,100,100,10,260,0.47619047619047616,0.47619047619047616,0.047619047619047616,0.3125,0.625,0.0625,0.3125,0.625,0.0625,0.2,0.4,0.4
Ice Spear,Ice Spear,False,False,False,False,50,20,100,50,220,0.11764705882352941,0.5882352941176471,0.29411764705882354,0.25,0.5,0.25,0.4166666666666667,0.16666666666666666,0.4166666666666667,0.29411764705882354,0.11764705882352941,0.5882352941176471
Ice Trap,Ice Trap,False,False,False,False,50,100,100,0,250,0.5,0.5,0.0,0.3333333333333333,0.6666666666666666,0.0,0.3333333333333333,0.6666666666666666,0.0,0.2,0.4,0.4
Immortal Call,Immortal Call,False,True,False,False,50,100,10,0,160,0.9090909090909091,0.09090909090909091,0.0,0.8333333333333334,0.16666666666666666,0.0,0.3333333333333333,0.6666666666666666,0.0,0.3125,0.625,0.0625
Incinerate,Incinerate,False,False,False,False,50,100,20,0,170,0.8333333333333334,0.16666666666666666,0.0,0.7142857142857143,0.2857142857142857,0.0,0.3333333333333333,0.6666666666666666,0.0,0.29411764705882354,0.5882352941176471,0.11764705882352941
Infernal Blow,Infernal Blow,False,False,False,False,50,20,100,100,270,0.09090909090909091,0.45454545454545453,0.45454545454545453,0.2,0.4,0.4,0.29411764705882354,0.11764705882352941,0.5882352941176471,0.29411764705882354,0.11764705882352941,0.5882352941176471
Intimidating Cry,Intimidating Cry,False,False,False,False,50,100,100,100,350,0.3333333333333333,0.3333333333333333,0.3333333333333333,0.2,0.4,0.4,0.2,0.4,0.4,0.2,0.4,0.4
Intuitive Link,Intuitive Link,False,False,False,False,100,50,50,0,200,0.5,0.5,0.0,0.6666666666666666,0.3333333333333333,0.0,0.6666666666666666,0.3333333333333333,0.0,0.5,0.25,0.25
Kinetic Blast,Kinetic Blast,False,False,False,False,50,10,100,0,160,0.09090909090909091,0.9090909090909091,0.0,0.3333333333333333,0.6666666666666666,0.0,0.8333333333333334,0.16666666666666666,0.0,0.3125,0.0625,0.625
Kinetic Bolt,Kinetic Bolt,False,False,False,False,50,5,50,0,105,0.09090909090909091,0.9090909090909091,0.0,0.5,0.5,0.0,0.9090909090909091,0.09090909090909091,0.0,0.47619047619047616,0.047619047619047616,0.47619047619047616
Lacerate,Lacerate,False,False,False,False,50,100,100,0,250,0.5,0.5,0.0,0.3333333333333333,0.6666666666666666,0.0,0.3333333333333333,0.6666666666666666,0.0,0.2,0.4,0.4
Lancing Steel,Lancing Steel,False,False,False,False,50,100,100,100,350,0.3333333333333333,0.3333333333333333,0.3333333333333333,0.2,0.4,0.4,0.2,0.4,0.4,0.2,0.4,0.4
Leap Slam,Leap Slam,False,False,False,False,50,100,100,20,270,0.45454545454545453,0.45454545454545453,0.09090909090909091,0.29411764705882354,0.5882352941176471,0.11764705882352941,0.29411764705882354,0.5882352941176471,0.11764705882352941,0.2,0.4,0.4
Lightning Arrow,Lightning Arrow,False,False,False,False,50,100,100,10,260,0.47619047619047616,0.47619047619047616,0.047619047619047616,0.3125,0.625,0.0625,0.3125,0.625,0.0625,0.2,0.4,0.4
Lightning Conduit,Lightning Conduit,False,False,False,False,50,50,10,0,110,0.8333333333333334,0.16666666666666666,0.0,0.8333333333333334,0.16666666666666666,0.0,0.5,0.5,0.0,0.45454545454545453,0.45454545454545453,0.09090909090909091
Purity of Lightning,Purity of Lightning,False,False,False,False,50,100,10,0,160,0.9090909090909091,0.09090909090909091,0.0,0.8333333333333334,0.16666666666666666,0.0,0.3333333333333333,0.6666666666666666,0.0,0.3125,0.625,0.0625
Lightning Strike,Lightning Strike,False,True,False,False,50,100,100,100,350,0.3333333333333333,0.3333333333333333,0.3333333333333333,0.2,0.4,0.4,0.2,0.4,0.4,0.2,0.4,0.4
Lightning Tendrils,Lightning Tendrils,False,False,False,False,50,100,100,50,300,0.4,0.4,0.2,0.25,0.5,0.25,0.25,0.5,0.25,0.2,0.4,0.4
Lightning Spire Trap,Lightning Spire Trap,False,False,False,False,50,100,100,0,250,0.5,0.5,0.0,0.3333333333333333,0.6666666666666666,0.0,0.3333333333333333,0.6666666666666666,0.0,0.2,0.4,0.4
Lightning Trap,Lightning Trap,False,True,False,False,50,100,10,0,160,0.9090909090909091,0.09090909090909091,0.0,0.8333333333333334,0.16666666666666666,0.0,0.3333333333333333,0.6666666666666666,0.0,0.3125,0.625,0.0625
Lightning Warp,Lightning Warp,False,True,False,False,50,100,100,100,350,0.3333333333333333,0.3333333333333333,0.3333333333333333,0.2,0.4,0.4,0.2,0.4,0.4,0.2,0.4,0.4
Rolling Magma,Rolling Magma,False,False,False,False,50,100,50,20,220,0.5882352941176471,0.29411764705882354,0.11764705882352941,0.4166666666666667,0.4166666666666667,0.16666666666666666,0.29411764705882354,0.5882352941176471,0.11764705882352941,0.25,0.5,0.25
Manabond,Manabond,False,False,False,False,100,50,50,0,200,0.5,0.5,0.0,0.6666666666666666,0.3333333333333333,0.0,0.6666666666666666,0.3333333333333333,0.0,0.5,0.25,0.25
Ancestral Protector,Ancestral Protector,False,False,False,False,50,100,20,100,270,0.45454545454545453,0.09090909090909091,0.45454545454545453,0.29411764705882354,0.11764705882352941,0.5882352941176471,0.2,0.4,0.4,0.29411764705882354,0.5882352941176471,0.11764705882352941
Mirror Arrow,Mirror Arrow,False,False,False,False,50,100,100,20,270,0.45454545454545453,0.45454545454545453,0.09090909090909091,0.29411764705882354,0.5882352941176471,0.11764705882352941,0.29411764705882354,0.5882352941176471,0.11764705882352941,0.2,0.4,0.4
Molten Shell,Molten Shell,False,True,False,False,50,50,50,0,150,0.5,0.5,0.0,0.5,0.5,0.0,0.5,0.5,0.0,0.3333333333333333,0.3333333333333333,0.3333333333333333
Molten Strike,Molten Strike,False,True,False,False,50,100,20,100,270,0.45454545454545453,0.09090909090909091,0.45454545454545453,0.29411764705882354,0.11764705882352941,0.5882352941176471,0.2,0.4,0.4,0.29411764705882354,0.5882352941176471,0.11764705882352941
Vulnerability,Vulnerability,False,False,False,False,50,100,100,0,250,0.5,0.5,0.0,0.3333333333333333,0.6666666666666666,0.0,0.3333333333333333,0.6666666666666666,0.0,0.2,0.4,0.4
Orb of Storms,Orb of Storms,False,False,False,False,50,50,100,0,200,0.3333333333333333,0.6666666666666666,0.0,0.3333333333333333,0.6666666666666666,0.0,0.5,0.5,0.0,0.25,0.25,0.5
Penance Brand,Penance Brand,False,False,False,False,50,100,100,0,250,0.5,0.5,0.0,0.3333333333333333,0.6666666666666666,0.0,0.3333333333333333,0.6666666666666666,0.0,0.2,0.4,0.4
Perforate,Perforate,False,False,False,False,50,100,100,10,260,0.47619047619047616,0.47619047619047616,0.047619047619047616,0.3125,0.625,0.0625,0.3125,0.625,0.0625,0.2,0.4,0.4
Pestilent Strike,Pestilent Strike,False,False,False,False,50,100,100,100,350,0.3333333333333333,0.3333333333333333,0.3333333333333333,0.2,0.4,0.4,0.2,0.4,0.4,0.2,0.4,0.4
Petrified Blood,Petrified Blood,False,False,False,False,100,50,50,0,200,0.5,0.5,0.0,0.6666666666666666,0.3333333333333333,0.0,0.6666666666666666,0.3333333333333333,0.0,0.5,0.25,0.25
Phase Run,Phase Run,False,False,False,False,50,100,50,0,200,0.6666666666666666,0.3333333333333333,0.0,0.5,0.5,0.0,0.3333333333333333,0.6666666666666666,0.0,0.25,0.5,0.25
Seismic Trap,Seismic Trap,False,False,False,False,50,100,100,100,350,0.3333333333333333,0.3333333333333333,0.3333333333333333,0.2,0.4,0.4,0.2,0.4,0.4,0.2,0.4,0.4
Plague Bearer,Plague Bearer,False,False,False,False,50,100,10,0,160,0.9090909090909091,0.09090909090909091,0.0,0.8333333333333334,0.16666666666666666,0.0,0.3333333333333333,0.6666666666666666,0.0,0.3125,0.625,0.0625
Poacher's Mark,Poacher's Mark,False,False,False,False,50,100,100,0,250,0.5,0.5,0.0,0.3333333333333333,0.6666666666666666,0.0,0.3333333333333333,0.6666666666666666,0.0,0.2,0.4,0.4
Caustic Arrow,Caustic Arrow,False,True,False,False,50,100,100,0,250,0.5,0.5,0.0,0.3333333333333333,0.6666666666666666,0.0,0.3333333333333333,0.6666666666666666,0.0,0.2,0.4,0.4
Poisonous Concoction,Poisonous Concoction,False,False,False,False,100,50,50,0,200,0.5,0.5,0.0,0.6666666666666666,0.3333333333333333,0.0,0.6666666666666666,0.3333333333333333,0.0,0.5,0.25,0.25
Portal,Portal,False,False,False,False,10000,1,0,0,10001,1.0,0.0,0.0,1.0,0.0,0.0,0.9999000099990001,9.999000099990002e-05,0.0,0.9999000099990001,9.999000099990002e-05,0.0
Power Siphon,Power Siphon,False,True,False,False,50,20,20,0,90,0.5,0.5,0.0,0.7142857142857143,0.2857142857142857,0.0,0.7142857142857143,0.2857142857142857,0.0,0.5555555555555556,0.2222222222222222,0.2222222222222222
Precision,Precision,False,False,False,False,50,10,100,0,160,0.09090909090909091,0.9090909090909091,0.0,0.3333333333333333,0.6666666666666666,0.0,0.8333333333333334,0.16666666666666666,0.0,0.3125,0.0625,0.625
Pride,Pride,False,False,False,False,50,50,100,0,200,0.3333333333333333,0.6666666666666666,0.0,0.3333333333333333,0.6666666666666666,0.0,0.5,0.5,0.0,0.25,0.25,0.5
Sniper's Mark,Sniper's Mark,False,False,False,False,50,100,100,0,250,0.5,0.5,0.0,0.3333333333333333,0.6666666666666666,0.0,0.3333333333333333,0.6666666666666666,0.0,0.2,0.4,0.4
Protective Link,Protective Link,False,False,False,False,100,50,50,0,200,0.5,0.5,0.0,0.6666666666666666,0.3333333333333333,0.0,0.6666666666666666,0.3333333333333333,0.0,0.5,0.25,0.25
Puncture,Puncture,False,False,False,False,50,20,20,50,140,0.2222222222222222,0.2222222222222222,0.5555555555555556,0.4166666666666667,0.16666666666666666,0.4166666666666667,0.4166666666666667,0.16666666666666666,0.4166666666666667,0.5555555555555556,0.2222222222222222,0.2222222222222222
Punishment,Punishment,False,False,False,False,50,100,100,0,250,0.5,0.5,0.0,0.3333333333333333,0.6666666666666666,0.0,0.3333333333333333,0.6666666666666666,0.0,0.2,0.4,0.4
Wave of Conviction,Wave of Conviction,False,False,False,False,50,100,100,20,270,0.45454545454545453,0.45454545454545453,0.09090909090909091,0.29411764705882354,0.5882352941176471,0.11764705882352941,0.29411764705882354,0.5882352941176471,0.11764705882352941,0.2,0.4,0.4
Purity of Elements,Purity of Elements,False,False,False,False,50,100,5,0,155,0.9523809523809523,0.047619047619047616,0.0,0.9090909090909091,0.09090909090909091,0.0,0.3333333333333333,0.6666666666666666,0.0,0.3225806451612903,0.6451612903225806,0.03225806451612903
Rage Vortex,Rage Vortex,False,False,False,False,50,50,50,0,150,0.5,0.5,0.0,0.5,0.5,0.0,0.5,0.5,0.0,0.3333333333333333,0.3333333333333333,0.3333333333333333
Rain of Arrows,Rain of Arrows,False,True,False,False,50,50,20,100,220,0.29411764705882354,0.11764705882352941,0.5882352941176471,0.29411764705882354,0.11764705882352941,0.5882352941176471,0.25,0.25,0.5,0.4166666666666667,0.4166666666666667,0.16666666666666666
Raise Spectre,Raise Spectre,False,False,False,False,50,100,100,20,270,0.45454545454545453,0.45454545454545453,0.09090909090909091,0.29411764705882354,0.5882352941176471,0.11764705882352941,0.29411764705882354,0.5882352941176471,0.11764705882352941,0.2,0.4,0.4
Raise Zombie,Raise Zombie,False,False,False,False,50,100,100,10,260,0.47619047619047616,0.47619047619047616,0.047619047619047616,0.3125,0.625,0.0625,0.3125,0.625,0.0625,0.2,0.4,0.4
Rallying Cry,Rallying Cry,False,False,False,False,50,100,10,50,210,0.625,0.0625,0.3125,0.45454545454545453,0.09090909090909091,0.45454545454545453,0.25,0.5,0.25,0.3125,0.625,0.0625
Reave,Reave,False,True,False,False,50,20,100,10,180,0.15384615384615385,0.7692307692307693,0.07692307692307693,0.3125,0.625,0.0625,0.625,0.25,0.125,0.29411764705882354,0.11764705882352941,0.5882352941176471
Brand Recall,Brand Recall,False,False,False,False,50,20,0,0,70,1.0,0.0,0.0,1.0,0.0,0.0,0.7142857142857143,0.2857142857142857,0.0,0.7142857142857143,0.2857142857142857,0.0
Reckoning,Reckoning,False,False,False,False,50,20,50,100,220,0.11764705882352941,0.29411764705882354,0.5882352941176471,0.25,0.25,0.5,0.29411764705882354,0.11764705882352941,0.5882352941176471,0.4166666666666667,0.16666666666666666,0.4166666666666667
Rejuvenation Totem,Rejuvenation Totem,False,False,False,False,50,100,100,0,250,0.5,0.5,0.0,0.3333333333333333,0.6666666666666666,0.0,0.3333333333333333,0.6666666666666666,0.0,0.2,0.4,0.4
Righteous Fire,Righteous Fire,False,True,False,False,50,100,100,0,250,0.5,0.5,0.0,0.3333333333333333,0.6666666666666666,0.0,0.3333333333333333,0.6666666666666666,0.0,0.2,0.4,0.4
Riposte,Riposte,False,False,False,False,50,50,20,0,120,0.7142857142857143,0.2857142857142857,0.0,0.7142857142857143,0.2857142857142857,0.0,0.5,0.5,0.0,0.4166666666666667,0.4166666666666667,0.16666666666666666
Purifying Flame,Purifying Flame,False,False,False,False,50,20,100,20,190,0.14285714285714285,0.7142857142857143,0.14285714285714285,0.29411764705882354,0.5882352941176471,0.11764705882352941,0.5555555555555556,0.2222222222222222,0.2222222222222222,0.29411764705882354,0.11764705882352941,0.5882352941176471
Scourge Arrow,Scourge Arrow,False,False,False,False,50,20,100,100,270,0.09090909090909091,0.45454545454545453,0.45454545454545453,0.2,0.4,0.4,0.29411764705882354,0.11764705882352941,0.5882352941176471,0.29411764705882354,0.11764705882352941,0.5882352941176471
Searing Bond,Searing Bond,False,False,False,False,50,100,100,50,300,0.4,0.4,0.2,0.25,0.5,0.25,0.25,0.5,0.25,0.2,0.4,0.4
Seismic Cry,Seismic Cry,False,False,False,False,50,100,20,100,270,0.45454545454545453,0.09090909090909091,0.45454545454545453,0.29411764705882354,0.11764705882352941,0.5882352941176471,0.2,0.4,0.4,0.29411764705882354,0.5882352941176471,0.11764705882352941
Shattering Steel,Shattering Steel,False,False,False,False,50,100,10,100,260,0.47619047619047616,0.047619047619047616,0.47619047619047616,0.3125,0.0625,0.625,0.2,0.4,0.4,0.3125,0.625,0.0625
Shield Charge,Shield Charge,False,False,False,False,50,100,100,0,250,0.5,0.5,0.0,0.3333333333333333,0.6666666666666666,0.0,0.3333333333333333,0.6666666666666666,0.0,0.2,0.4,0.4
Shield Crush,Shield Crush,False,False,False,False,50,100,20,0,170,0.8333333333333334,0.16666666666666666,0.0,0.7142857142857143,0.2857142857142857,0.0,0.3333333333333333,0.6666666666666666,0.0,0.29411764705882354,0.5882352941176471,0.11764705882352941
Shock Nova,Shock Nova,False,False,False,False,50,50,100,0,200,0.3333333333333333,0.6666666666666666,0.0,0.3333333333333333,0.6666666666666666,0.0,0.5,0.5,0.0,0.25,0.25,0.5
Shockwave Totem,Shockwave Totem,False,False,False,False,50,100,20,100,270,0.45454545454545453,0.09090909090909091,0.45454545454545453,0.29411764705882354,0.11764705882352941,0.5882352941176471,0.2,0.4,0.4,0.29411764705882354,0.5882352941176471,0.11764705882352941
Shrapnel Ballista,Shrapnel Ballista,False,False,False,False,50,5,20,100,175,0.04,0.16,0.8,0.29411764705882354,0.11764705882352941,0.5882352941176471,0.3225806451612903,0.03225806451612903,0.6451612903225806,0.6666666666666666,0.06666666666666667,0.26666666666666666
Galvanic Arrow,Galvanic Arrow,False,False,False,False,50,100,20,0,170,0.8333333333333334,0.16666666666666666,0.0,0.7142857142857143,0.2857142857142857,0.0,0.3333333333333333,0.6666666666666666,0.0,0.29411764705882354,0.5882352941176471,0.11764705882352941
Explosive Trap,Explosive Trap,False,False,False,False,50,100,20,0,170,0.8333333333333334,0.16666666666666666,0.0,0.7142857142857143,0.2857142857142857,0.0,0.3333333333333333,0.6666666666666666,0.0,0.29411764705882354,0.5882352941176471,0.11764705882352941
Siege Ballista,Siege Ballista,False,False,False,False,50,100,100,100,350,0.3333333333333333,0.3333333333333333,0.3333333333333333,0.2,0.4,0.4,0.2,0.4,0.4,0.2,0.4,0.4
Sigil of Power,Sigil of Power,False,False,False,False,50,20,100,50,220,0.11764705882352941,0.5882352941176471,0.29411764705882354,0.25,0.5,0.25,0.4166666666666667,0.16666666666666666,0.4166666666666667,0.29411764705882354,0.11764705882352941,0.5882352941176471
Smite,Smite,False,True,False,False,50,100,100,20,270,0.45454545454545453,0.45454545454545453,0.09090909090909091,0.29411764705882354,0.5882352941176471,0.11764705882352941,0.29411764705882354,0.5882352941176471,0.11764705882352941,0.2,0.4,0.4
Smoke Mine,Smoke Mine,False,False,False,False,50,100,20,0,170,0.8333333333333334,0.16666666666666666,0.0,0.7142857142857143,0.2857142857142857,0.0,0.3333333333333333,0.6666666666666666,0.0,0.29411764705882354,0.5882352941176471,0.11764705882352941
Soul Link,Soul Link,False,False,False,False,100,50,50,0,200,0.5,0.5,0.0,0.6666666666666666,0.3333333333333333,0.0,0.6666666666666666,0.3333333333333333,0.0,0.5,0.25,0.25
Soulrend,Soulrend,False,False,False,False,50,100,100,20,270,0.45454545454545453,0.45454545454545453,0.09090909090909091,0.29411764705882354,0.5882352941176471,0.11764705882352941,0.29411764705882354,0.5882352941176471,0.11764705882352941,0.2,0.4,0.4
Spark,Spark,False,True,False,False,50,100,100,100,350,0.3333333333333333,0.3333333333333333,0.3333333333333333,0.2,0.4,0.4,0.2,0.4,0.4,0.2,0.4,0.4
Spectral Helix,Spectral Helix,False,False,False,False,100,50,50,0,200,0.5,0.5,0.0,0.6666666666666666,0.3333333333333333,0.0,0.6666666666666666,0.3333333333333333,0.0,0.5,0.25,0.25
Zealotry,Zealotry,False,False,False,False,50,100,5,0,155,0.9523809523809523,0.047619047619047616,0.0,0.9090909090909091,0.09090909090909091,0.0,0.3333333333333333,0.6666666666666666,0.0,0.3225806451612903,0.6451612903225806,0.03225806451612903
Spellslinger,Spellslinger,False,False,False,False,50,100,20,0,170,0.8333333333333334,0.16666666666666666,0.0,0.7142857142857143,0.2857142857142857,0.0,0.3333333333333333,0.6666666666666666,0.0,0.29411764705882354,0.5882352941176471,0.11764705882352941
Spirit Offering,Spirit Offering,False,False,False,False,50,100,100,0,250,0.5,0.5,0.0,0.3333333333333333,0.6666666666666666,0.0,0.3333333333333333,0.6666666666666666,0.0,0.2,0.4,0.4
Split Arrow,Split Arrow,False,False,False,False,50,20,100,0,170,0.16666666666666666,0.8333333333333334,0.0,0.3333333333333333,0.6666666666666666,0.0,0.7142857142857143,0.2857142857142857,0.0,0.29411764705882354,0.11764705882352941,0.5882352941176471
Splitting Steel,Splitting Steel,False,False,False,False,50,20,100,50,220,0.11764705882352941,0.5882352941176471,0.29411764705882354,0.25,0.5,0.25,0.4166666666666667,0.16666666666666666,0.4166666666666667,0.29411764705882354,0.11764705882352941,0.5882352941176471
Static Strike,Static Strike,False,False,False,False,50,100,5,50,205,0.6451612903225806,0.03225806451612903,0.3225806451612903,0.47619047619047616,0.047619047619047616,0.47619047619047616,0.25,0.5,0.25,0.3225806451612903,0.6451612903225806,0.03225806451612903
Steelskin,Steelskin,False,False,False,False,50,100,100,0,250,0.5,0.5,0.0,0.3333333333333333,0.6666666666666666,0.0,0.3333333333333333,0.6666666666666666,0.0,0.2,0.4,0.4
Stormbind,Stormbind,False,False,False,False,50,100,100,100,350,0.3333333333333333,0.3333333333333333,0.3333333333333333,0.2,0.4,0.4,0.2,0.4,0.4,0.2,0.4,0.4
Stormblast Mine,Stormblast Mine,False,False,False,False,50,100,100,100,350,0.3333333333333333,0.3333333333333333,0.3333333333333333,0.2,0.4,0.4,0.2,0.4,0.4,0.2,0.4,0.4
Storm Brand,Storm Brand,False,False,False,False,50,100,100,100,350,0.3333333333333333,0.3333333333333333,0.3333333333333333,0.2,0.4,0.4,0.2,0.4,0.4,0.2,0.4,0.4
Storm Burst,Storm Burst,False,False,False,False,50,100,20,0,170,0.8333333333333334,0.16666666666666666,0.0,0.7142857142857143,0.2857142857142857,0.0,0.3333333333333333,0.6666666666666666,0.0,0.29411764705882354,0.5882352941176471,0.11764705882352941
Storm Call,Storm Call,False,True,False,False,50,100,100,20,270,0.45454545454545453,0.45454545454545453,0.09090909090909091,0.29411764705882354,0.5882352941176471,0.11764705882352941,0.29411764705882354,0.5882352941176471,0.11764705882352941,0.2,0.4,0.4
Storm Rain,Storm Rain,False,False,False,False,50,50,50,0,150,0.5,0.5,0.0,0.5,0.5,0.0,0.5,0.5,0.0,0.3333333333333333,0.3333333333333333,0.3333333333333333
Summon Carrion Golem,Summon Carrion Golem,False,False,False,False,50,100,100,0,250,0.5,0.5,0.0,0.3333333333333333,0.6666666666666666,0.0,0.3333333333333333,0.6666666666666666,0.0,0.2,0.4,0.4
Summon Chaos Golem,Summon Chaos Golem,False,False,False,False,50,100,100,0,250,0.5,0.5,0.0,0.3333333333333333,0.6666666666666666,0.0,0.3333333333333333,0.6666666666666666,0.0,0.2,0.4,0.4
Summon Flame Golem,Summon Flame Golem,False,False,False,False,50,100,100,0,250,0.5,0.5,0.0,0.3333333333333333,0.6666666666666666,0.0,0.3333333333333333,0.6666666666666666,0.0,0.2,0.4,0.4
Summon Ice Golem,Summon Ice Golem,False,False,False,False,50,100,100,0,250,0.5,0.5,0.0,0.3333333333333333,0.6666666666666666,0.0,0.3333333333333333,0.6666666666666666,0.0,0.2,0.4,0.4
Summon Lightning Golem,Summon Lightning Golem,False,False,False,False,50,100,100,0,250,0.5,0.5,0.0,0.3333333333333333,0.6666666666666666,0.0,0.3333333333333333,0.6666666666666666,0.0,0.2,0.4,0.4
Summon Raging Spirit,Summon Raging Spirit,False,False,False,False,50,100,50,20,220,0.5882352941176471,0.29411764705882354,0.11764705882352941,0.4166666666666667,0.4166666666666667,0.16666666666666666,0.29411764705882354,0.5882352941176471,0.11764705882352941,0.25,0.5,0.25
Summon Reaper,Summon Reaper,False,False,False,False,50,50,100,0,200,0.3333333333333333,0.6666666666666666,0.0,0.3333333333333333,0.6666666666666666,0.0,0.5,0.5,0.0,0.25,0.25,0.5
Summon Holy Relic,Summon Holy Relic,False,False,False,False,50,100,50,0,200,0.6666666666666666,0.3333333333333333,0.0,0.5,0.5,0.0,0.3333333333333333,0.6666666666666666,0.0,0.25,0.5,0.25
Summon Stone Golem,Summon Stone Golem,False,False,False,False,50,100,100,0,250,0.5,0.5,0.0,0.3333333333333333,0.6666666666666666,0.0,0.3333333333333333,0.6666666666666666,0.0,0.2,0.4,0.4
Summon Skeletons,Summon Skeletons,False,True,False,False,50,50,50,50,200,0.3333333333333333,0.3333333333333333,0.3333333333333333,0.3333333333333333,0.3333333333333333,0.3333333333333333,0.3333333333333333,0.3333333333333333,0.3333333333333333,0.3333333333333333,0.3333333333333333,0.3333333333333333
Summon Skitterbots,Summon Skitterbots,False,False,False,False,50,100,10,0,160,0.9090909090909091,0.09090909090909091,0.0,0.8333333333333334,0.16666666666666666,0.0,0.3333333333333333,0.6666666666666666,0.0,0.3125,0.625,0.0625
Sunder,Sunder,False,False,False,False,50,100,100,50,300,0.4,0.4,0.2,0.25,0.5,0.25,0.25,0.5,0.25,0.2,0.4,0.4
Sweep,Sweep,False,False,False,False,50,100,100,20,270,0.45454545454545453,0.45454545454545453,0.09090909090909091,0.29411764705882354,0.5882352941176471,0.11764705882352941,0.29411764705882354,0.5882352941176471,0.11764705882352941,0.2,0.4,0.4
Tectonic Slam,Tectonic Slam,False,False,False,False,50,100,20,100,270,0.45454545454545453,0.09090909090909091,0.45454545454545453,0.29411764705882354,0.11764705882352941,0.5882352941176471,0.2,0.4,0.4,0.29411764705882354,0.5882352941176471,0.11764705882352941
Tempest Shield,Tempest Shield,False,False,False,False,50,100,10,0,160,0.9090909090909091,0.09090909090909091,0.0,0.8333333333333334,0.16666666666666666,0.0,0.3333333333333333,0.6666666666666666,0.0,0.3125,0.625,0.0625
Temporal Chains,Temporal Chains,False,False,False,False,50,100,100,0,250,0.5,0.5,0.0,0.3333333333333333,0.6666666666666666,0.0,0.3333333333333333,0.6666666666666666,0.0,0.2,0.4,0.4
Temporal Rift,Temporal Rift,False,False,False,False,100,50,50,0,200,0.5,0.5,0.0,0.6666666666666666,0.3333333333333333,0.0,0.6666666666666666,0.3333333333333333,0.0,0.5,0.25,0.25
Spectral Shield Throw,Spectral Shield Throw,False,False,False,False,50,100,100,20,270,0.45454545454545453,0.45454545454545453,0.09090909090909091,0.29411764705882354,0.5882352941176471,0.11764705882352941,0.29411764705882354,0.5882352941176471,0.11764705882352941,0.2,0.4,0.4
Spectral Throw,Spectral Throw,False,True,False,False,50,100,20,0,170,0.8333333333333334,0.16666666666666666,0.0,0.7142857142857143,0.2857142857142857,0.0,0.3333333333333333,0.6666666666666666,0.0,0.29411764705882354,0.5882352941176471,0.11764705882352941
Tornado,Tornado,False,False,False,False,100,50,50,0,200,0.5,0.5,0.0,0.6666666666666666,0.3333333333333333,0.0,0.6666666666666666,0.3333333333333333,0.0,0.5,0.25,0.25
Tornado Shot,Tornado Shot,False,False,False,False,50,20,100,0,170,0.16666666666666666,0.8333333333333334,0.0,0.3333333333333333,0.6666666666666666,0.0,0.7142857142857143,0.2857142857142857,0.0,0.29411764705882354,0.11764705882352941,0.5882352941176471
Toxic Rain,Toxic Rain,False,False,False,False,50,100,100,20,270,0.45454545454545453,0.45454545454545453,0.09090909090909091,0.29411764705882354,0.5882352941176471,0.11764705882352941,0.29411764705882354,0.5882352941176471,0.11764705882352941,0.2,0.4,0.4
Vampiric Link,Vampiric Link,False,False,False,False,100,50,50,0,200,0.5,0.5,0.0,0.6666666666666666,0.3333333333333333,0.0,0.6666666666666666,0.3333333333333333,0.0,0.5,0.25,0.25
Vengeance,Vengeance,False,False,False,False,50,50,100,20,220,0.29411764705882354,0.5882352941176471,0.11764705882352941,0.29411764705882354,0.5882352941176471,0.11764705882352941,0.4166666666666667,0.4166666666666667,0.16666666666666666,0.25,0.25,0.5
Venom Gyre,Venom Gyre,False,True,False,False,50,100,10,0,160,0.9090909090909091,0.09090909090909091,0.0,0.8333333333333334,0.16666666666666666,0.0,0.3333333333333333,0.6666666666666666,0.0,0.3125,0.625,0.0625
Vigilant Strike,Vigilant Strike,False,False,False,False,50,100,50,100,300,0.4,0.2,0.4,0.25,0.25,0.5,0.2,0.4,0.4,0.25,0.5,0.25
Viper Strike,Viper Strike,False,False,False,False,50,100,100,10,260,0.47619047619047616,0.47619047619047616,0.047619047619047616,0.3125,0.625,0.0625,0.3125,0.625,0.0625,0.2,0.4,0.4
Vitality,Vitality,False,False,False,False,50,10,100,0,160,0.09090909090909091,0.9090909090909091,0.0,0.3333333333333333,0.6666666666666666,0.0,0.8333333333333334,0.16666666666666666,0.0,0.3125,0.0625,0.625
Void Sphere,Void Sphere,False,False,False,False,50,50,20,100,220,0.29411764705882354,0.11764705882352941,0.5882352941176471,0.29411764705882354,0.11764705882352941,0.5882352941176471,0.25,0.25,0.5,0.4166666666666667,0.4166666666666667,0.16666666666666666
Volatile Dead,Volatile Dead,False,False,False,False,50,100,20,0,170,0.8333333333333334,0.16666666666666666,0.0,0.7142857142857143,0.2857142857142857,0.0,0.3333333333333333,0.6666666666666666,0.0,0.29411764705882354,0.5882352941176471,0.11764705882352941
Volcanic Fissure,Volcanic Fissure,False,True,False,False,50,100,0,0,150,1.0,0.0,0.0,1.0,0.0,0.0,0.3333333333333333,0.6666666666666666,0.0,0.3333333333333333,0.6666666666666666,0.0
Voltaxic Burst,Voltaxic Burst,False,False,False,False,100,50,50,0,200,0.5,0.5,0.0,0.6666666666666666,0.3333333333333333,0.0,0.6666666666666666,0.3333333333333333,0.0,0.5,0.25,0.25
Despair,Despair,False,False,False,False,50,100,100,0,250,0.5,0.5,0.0,0.3333333333333333,0.6666666666666666,0.0,0.3333333333333333,0.6666666666666666,0.0,0.2,0.4,0.4
War Banner,War Banner,False,False,False,False,50,10,100,0,160,0.09090909090909091,0.9090909090909091,0.0,0.3333333333333333,0.6666666666666666,0.0,0.8333333333333334,0.16666666666666666,0.0,0.3125,0.0625,0.625
Warlord's Mark,Warlord's Mark,False,False,False,False,50,100,100,0,250,0.5,0.5,0.0,0.3333333333333333,0.6666666666666666,0.0,0.3333333333333333,0.6666666666666666,0.0,0.2,0.4,0.4
Whirling Blades,Whirling Blades,False,False,False,False,50,100,20,0,170,0.8333333333333334,0.16666666666666666,0.0,0.7142857142857143,0.2857142857142857,0.0,0.3333333333333333,0.6666666666666666,0.0,0.29411764705882354,0.5882352941176471,0.11764705882352941
Wild Strike,Wild Strike,False,False,False,False,50,50,50,50,200,0.3333333333333333,0.3333333333333333,0.3333333333333333,0.3333333333333333,0.3333333333333333,0.3333333333333333,0.3333333333333333,0.3333333333333333,0.3333333333333333,0.3333333333333333,0.3333333333333333,0.3333333333333333
Winter Orb,Winter Orb,False,False,False,False,50,100,100,100,350,0.3333333333333333,0.3333333333333333,0.3333333333333333,0.2,0.4,0.4,0.2,0.4,0.4,0.2,0.4,0.4
Wintertide Brand,Wintertide Brand,False,False,False,False,50,100,100,0,250,0.5,0.5,0.0,0.3333333333333333,0.6666666666666666,0.0,0.3333333333333333,0.6666666666666666,0.0,0.2,0.4,0.4
Wither,Wither,False,False,False,False,50,100,20,0,170,0.8333333333333334,0.16666666666666666,0.0,0.7142857142857143,0.2857142857142857,0.0,0.3333333333333333,0.6666666666666666,0.0,0.29411764705882354,0.5882352941176471,0.11764705882352941
Withering Step,Withering Step,False,False,False,False,50,100,20,0,170,0.8333333333333334,0.16666666666666666,0.0,0.7142857142857143,0.2857142857142857,0.0,0.3333333333333333,0.6666666666666666,0.0,0.29411764705882354,0.5882352941176471,0.11764705882352941
Wrath,Wrath,False,False,False,False,50,100,1,0,151,0.9900990099009901,0.009900990099009901,0.0,0.9803921568627451,0.0196078431372549,0.0,0.3333333333333333,0.6666666666666666,0.0,0.33112582781456956,0.6622516556291391,0.006622516556291391
Added Chaos Damage Support,Added Chaos Damage Support,True,False,True,False,50,100,100,0,250,0.5,0.5,0.0,0.3333333333333333,0.6666666666666666,0.0,0.3333333333333333,0.6666666666666666,0.0,0.2,0.4,0.4
Added Cold Damage Support,Added Cold Damage Support,True,False,True,False,50,100,100,0,250,0.5,0.5,0.0,0.3333333333333333,0.6666666666666666,0.0,0.3333333333333333,0.6666666666666666,0.0,0.2,0.4,0.4
Added Fire Damage Support,Added Fire Damage Support,True,False,True,False,50,50,100,0,200,0.3333333333333333,0.6666666666666666,0.0,0.3333333333333333,0.6666666666666666,0.0,0.5,0.5,0.0,0.25,0.25,0.5
Added Lightning Damage Support,Added Lightning Damage Support,True,False,True,False,50,100,100,0,250,0.5,0.5,0.0,0.3333333333333333,0.6666666666666666,0.0,0.3333333333333333,0.6666666666666666,0.0,0.2,0.4,0.4
Additional Accuracy Support,Additional Accuracy Support,False,False,True,False,50,100,20,0,170,0.8333333333333334,0.16666666666666666,0.0,0.7142857142857143,0.2857142857142857,0.0,0.3333333333333333,0.6666666666666666,0.0,0.29411764705882354,0.5882352941176471,0.11764705882352941
Empower Support,Empower Support,True,False,True,True,50,5,0,0,55,1.0,0.0,0.0,1.0,0.0,0.0,0.9090909090909091,0.09090909090909091,0.0,0.9090909090909091,0.09090909090909091,0.0
Enhance Support,Enhance Support,True,False,True,True,50,5,0,0,55,1.0,0.0,0.0,1.0,0.0,0.0,0.9090909090909091,0.09090909090909091,0.0,0.9090909090909091,0.09090909090909091,0.0
Enlighten Support,Enlighten Support,True,False,True,True,50,5,0,0,55,1.0,0.0,0.0,1.0,0.0,0.0,0.9090909090909091,0.09090909090909091,0.0,0.9090909090909091,0.09090909090909091,0.0
Arcane Surge Support,Arcane Surge Support,False,False,True,False,50,100,100,0,250,0.5,0.5,0.0,0.3333333333333333,0.6666666666666666,0.0,0.3333333333333333,0.6666666666666666,0.0,0.2,0.4,0.4
Archmage Support,Archmage Support,False,False,True,False,50,20,50,0,120,0.2857142857142857,0.7142857142857143,0.0,0.5,0.5,0.0,0.7142857142857143,0.2857142857142857,0.0,0.4166666666666667,0.16666666666666666,0.4166666666666667
Arrow Nova Support,Arrow Nova Support,True,False,True,False,50,100,100,0,250,0.5,0.5,0.0,0.3333333333333333,0.6666666666666666,0.0,0.3333333333333333,0.6666666666666666,0.0,0.2,0.4,0.4
Barrage Support,Barrage Support,False,False,True,False,50,10,20,0,80,0.3333333333333333,0.6666666666666666,0.0,0.7142857142857143,0.2857142857142857,0.0,0.8333333333333334,0.16666666666666666,0.0,0.625,0.125,0.25
Behead Support,Behead Support,False,False,True,False,100,50,50,0,200,0.5,0.5,0.0,0.6666666666666666,0.3333333333333333,0.0,0.6666666666666666,0.3333333333333333,0.0,0.5,0.25,0.25
Blasphemy Support,Blasphemy Support,True,False,True,False,50,100,10,0,160,0.9090909090909091,0.09090909090909091,0.0,0.8333333333333334,0.16666666666666666,0.0,0.3333333333333333,0.6666666666666666,0.0,0.3125,0.625,0.0625
Blind Support,Blind Support,False,False,True,False,50,100,50,0,200,0.6666666666666666,0.3333333333333333,0.0,0.5,0.5,0.0,0.3333333333333333,0.6666666666666666,0.0,0.25,0.5,0.25
Block Chance Reduction Support,Block Chance Reduction Support,False,False,True,False,50,20,0,0,70,1.0,0.0,0.0,1.0,0.0,0.0,0.7142857142857143,0.2857142857142857,0.0,0.7142857142857143,0.2857142857142857,0.0
Bloodlust Support,Bloodlust Support,False,False,True,False,50,20,5,0,75,0.8,0.2,0.0,0.9090909090909091,0.09090909090909091,0.0,0.7142857142857143,0.2857142857142857,0.0,0.6666666666666666,0.26666666666666666,0.06666666666666667
Arrogance Support,Arrogance Support,False,False,True,False,100,50,50,0,200,0.5,0.5,0.0,0.6666666666666666,0.3333333333333333,0.0,0.6666666666666666,0.3333333333333333,0.0,0.5,0.25,0.25
Bloodthirst Support,Bloodthirst Support,False,False,True,False,100,50,50,0,200,0.5,0.5,0.0,0.6666666666666666,0.3333333333333333,0.0,0.6666666666666666,0.3333333333333333,0.0,0.5,0.25,0.25
Bonechill Support,Bonechill Support,False,False,True,False,50,100,100,0,250,0.5,0.5,0.0,0.3333333333333333,0.6666666666666666,0.0,0.3333333333333333,0.6666666666666666,0.0,0.2,0.4,0.4
Brutality Support,Brutality Support,True,False,True,False,50,100,100,0,250,0.5,0.5,0.0,0.3333333333333333,0.6666666666666666,0.0,0.3333333333333333,0.6666666666666666,0.0,0.2,0.4,0.4
Cast On Critical Strike Support,Cast On Critical Strike Support,True,False,True,False,50,50,100,0,200,0.3333333333333333,0.6666666666666666,0.0,0.3333333333333333,0.6666666666666666,0.0,0.5,0.5,0.0,0.25,0.25,0.5
Cast when Damage Taken Support,Cast when Damage Taken Support,False,False,True,False,50,100,20,0,170,0.8333333333333334,0.16666666666666666,0.0,0.7142857142857143,0.2857142857142857,0.0,0.3333333333333333,0.6666666666666666,0.0,0.29411764705882354,0.5882352941176471,0.11764705882352941
Cast on Death Support,Cast on Death Support,False,False,True,False,50,100,100,0,250,0.5,0.5,0.0,0.3333333333333333,0.6666666666666666,0.0,0.3333333333333333,0.6666666666666666,0.0,0.2,0.4,0.4
Cast on Melee Kill Support,Cast on Melee Kill Support,False,False,True,False,50,100,20,0,170,0.8333333333333334,0.16666666666666666,0.0,0.7142857142857143,0.2857142857142857,0.0,0.3333333333333333,0.6666666666666666,0.0,0.29411764705882354,0.5882352941176471,0.11764705882352941
Cast when Stunned Support,Cast when Stunned Support,False,False,True,False,50,100,100,0,250,0.5,0.5,0.0,0.3333333333333333,0.6666666666666666,0.0,0.3333333333333333,0.6666666666666666,0.0,0.2,0.4,0.4
Cast while Channelling Support,Cast while Channelling Support,False,False,True,False,50,100,100,0,250,0.5,0.5,0.0,0.3333333333333333,0.6666666666666666,0.0,0.3333333333333333,0.6666666666666666,0.0,0.2,0.4,0.4
Chain Support,Chain Support,True,False,True,False,100,50,50,0,200,0.5,0.5,0.0,0.6666666666666666,0.3333333333333333,0.0,0.6666666666666666,0.3333333333333333,0.0,0.5,0.25,0.25
Chance to Bleed Support,Chance to Bleed Support,False,False,True,False,50,100,20,0,170,0.8333333333333334,0.16666666666666666,0.0,0.7142857142857143,0.2857142857142857,0.0,0.3333333333333333,0.6666666666666666,0.0,0.29411764705882354,0.5882352941176471,0.11764705882352941
Chance to Flee Support,Chance to Flee Support,False,False,True,False,10000,1,0,0,10001,1.0,0.0,0.0,1.0,0.0,0.0,0.9999000099990001,9.999000099990002e-05,0.0,0.9999000099990001,9.999000099990002e-05,0.0
Combustion Support,Combustion Support,False,False,True,False,50,100,50,0,200,0.6666666666666666,0.3333333333333333,0.0,0.5,0.5,0.0,0.3333333333333333,0.6666666666666666,0.0,0.25,0.5,0.25
Withering Touch Support,Withering Touch Support,False,False,True,False,50,100,50,0,200,0.6666666666666666,0.3333333333333333,0.0,0.5,0.5,0.0,0.3333333333333333,0.6666666666666666,0.0,0.25,0.5,0.25
Charged Mines Support,Charged Mines Support,False,False,True,False,50,100,20,0,170,0.8333333333333334,0.16666666666666666,0.0,0.7142857142857143,0.2857142857142857,0.0,0.3333333333333333,0.6666666666666666,0.0,0.29411764705882354,0.5882352941176471,0.11764705882352941
Close Combat Support,Close Combat Support,False,False,True,False,50,100,100,0,250,0.5,0.5,0.0,0.3333333333333333,0.6666666666666666,0.0,0.3333333333333333,0.6666666666666666,0.0,0.2,0.4,0.4
Cluster Traps Support,Cluster Traps Support,False,False,True,False,50,100,100,0,250,0.5,0.5,0.0,0.3333333333333333,0.6666666666666666,0.0,0.3333333333333333,0.6666666666666666,0.0,0.2,0.4,0.4
Cold Penetration Support,Cold Penetration Support,True,False,True,False,50,100,100,0,250,0.5,0.5,0.0,0.3333333333333333,0.6666666666666666,0.0,0.3333333333333333,0.6666666666666666,0.0,0.2,0.4,0.4
Cold to Fire Support,Cold to Fire Support,False,False,True,False,50,100,10,0,160,0.9090909090909091,0.09090909090909091,0.0,0.8333333333333334,0.16666666666666666,0.0,0.3333333333333333,0.6666666666666666,0.0,0.3125,0.625,0.0625
Concentrated Effect Support,Concentrated Effect Support,False,False,True,False,50,10,50,0,110,0.16666666666666666,0.8333333333333334,0.0,0.5,0.5,0.0,0.8333333333333334,0.16666666666666666,0.0,0.45454545454545453,0.09090909090909091,0.45454545454545453
Controlled Destruction Support,Controlled Destruction Support,True,False,True,False,50,100,100,0,250,0.5,0.5,0.0,0.3333333333333333,0.6666666666666666,0.0,0.3333333333333333,0.6666666666666666,0.0,0.2,0.4,0.4
Cruelty Support,Cruelty Support,False,False,True,False,100,50,50,0,200,0.5,0.5,0.0,0.6666666666666666,0.3333333333333333,0.0,0.6666666666666666,0.3333333333333333,0.0,0.5,0.25,0.25
Culling Strike Support,Culling Strike Support,False,False,True,False,50,100,50,0,200,0.6666666666666666,0.3333333333333333,0.0,0.5,0.5,0.0,0.3333333333333333,0.6666666666666666,0.0,0.25,0.5,0.25
Cursed Ground Support,Cursed Ground Support,False,False,True,False,100,50,50,0,200,0.5,0.5,0.0,0.6666666666666666,0.3333333333333333,0.0,0.6666666666666666,0.3333333333333333,0.0,0.5,0.25,0.25
Hextouch Support,Hextouch Support,True,False,True,False,50,100,100,0,250,0.5,0.5,0.0,0.3333333333333333,0.6666666666666666,0.0,0.3333333333333333,0.6666666666666666,0.0,0.2,0.4,0.4
Hypothermia Support,Hypothermia Support,False,False,True,False,50,100,100,0,250,0.5,0.5,0.0,0.3333333333333333,0.6666666666666666,0.0,0.3333333333333333,0.6666666666666666,0.0,0.2,0.4,0.4
Deadly Ailments Support,Deadly Ailments Support,True,False,True,False,50,100,20,0,170,0.8333333333333334,0.16666666666666666,0.0,0.7142857142857143,0.2857142857142857,0.0,0.3333333333333333,0.6666666666666666,0.0,0.29411764705882354,0.5882352941176471,0.11764705882352941
Predator Support,Predator Support,False,False,True,False,50,100,100,0,250,0.5,0.5,0.0,0.3333333333333333,0.6666666666666666,0.0,0.3333333333333333,0.6666666666666666,0.0,0.2,0.4,0.4
Decay Support,Decay Support,False,False,True,False,50,100,20,0,170,0.8333333333333334,0.16666666666666666,0.0,0.7142857142857143,0.2857142857142857,0.0,0.3333333333333333,0.6666666666666666,0.0,0.29411764705882354,0.5882352941176471,0.11764705882352941
Divine Blessing Support,Divine Blessing Support,False,False,True,False,100,50,50,0,200,0.5,0.5,0.0,0.6666666666666666,0.3333333333333333,0.0,0.6666666666666666,0.3333333333333333,0.0,0.5,0.25,0.25
Earthbreaker Support,Earthbreaker Support,False,False,True,False,100,100,20,0,220,0.8333333333333334,0.16666666666666666,0.0,0.8333333333333334,0.16666666666666666,0.0,0.5,0.5,0.0,0.45454545454545453,0.45454545454545453,0.09090909090909091
Efficacy Support,Efficacy Support,False,False,True,False,50,100,100,0,250,0.5,0.5,0.0,0.3333333333333333,0.6666666666666666,0.0,0.3333333333333333,0.6666666666666666,0.0,0.2,0.4,0.4
Elemental Focus Support,Elemental Focus Support,True,False,True,False,50,100,20,0,170,0.8333333333333334,0.16666666666666666,0.0,0.7142857142857143,0.2857142857142857,0.0,0.3333333333333333,0.6666666666666666,0.0,0.29411764705882354,0.5882352941176471,0.11764705882352941
Elemental Penetration Support,Elemental Penetration Support,False,False,True,False,50,100,0,0,150,1.0,0.0,0.0,1.0,0.0,0.0,0.3333333333333333,0.6666666666666666,0.0,0.3333333333333333,0.6666666666666666,0.0
Elemental Proliferation Support,Elemental Proliferation Support,False,False,True,False,50,100,20,0,170,0.8333333333333334,0.16666666666666666,0.0,0.7142857142857143,0.2857142857142857,0.0,0.3333333333333333,0.6666666666666666,0.0,0.29411764705882354,0.5882352941176471,0.11764705882352941
Endurance Charge on Melee Stun Support,Endurance Charge on Melee Stun Support,False,False,True,False,50,20,100,0,170,0.16666666666666666,0.8333333333333334,0.0,0.3333333333333333,0.6666666666666666,0.0,0.7142857142857143,0.2857142857142857,0.0,0.29411764705882354,0.11764705882352941,0.5882352941176471
Energy Leech Support,Energy Leech Support,False,False,True,False,50,100,20,0,170,0.8333333333333334,0.16666666666666666,0.0,0.7142857142857143,0.2857142857142857,0.0,0.3333333333333333,0.6666666666666666,0.0,0.29411764705882354,0.5882352941176471,0.11764705882352941
Eternal Blessing Support,Eternal Blessing Support,False,False,True,False,100,50,50,0,200,0.5,0.5,0.0,0.6666666666666666,0.3333333333333333,0.0,0.6666666666666666,0.3333333333333333,0.0,0.5,0.25,0.25
Faster Attacks Support,Faster Attacks Support,False,False,True,False,50,5,50,0,105,0.09090909090909091,0.9090909090909091,0.0,0.5,0.5,0.0,0.9090909090909091,0.09090909090909091,0.0,0.47619047619047616,0.047619047619047616,0.47619047619047616
Faster Casting Support,Faster Casting Support,False,False,True,False,50,5,50,0,105,0.09090909090909091,0.9090909090909091,0.0,0.5,0.5,0.0,0.9090909090909091,0.09090909090909091,0.0,0.47619047619047616,0.047619047619047616,0.47619047619047616
Faster Projectiles Support,Faster Projectiles Support,False,False,True,False,50,100,100,0,250,0.5,0.5,0.0,0.3333333333333333,0.6666666666666666,0.0,0.3333333333333333,0.6666666666666666,0.0,0.2,0.4,0.4
Feeding Frenzy Support,Feeding Frenzy Support,False,False,True,False,50,10,100,0,160,0.09090909090909091,0.9090909090909091,0.0,0.3333333333333333,0.6666666666666666,0.0,0.8333333333333334,0.16666666666666666,0.0,0.3125,0.0625,0.625
Fire Penetration Support,Fire Penetration Support,True,False,True,False,50,100,10,0,160,0.9090909090909091,0.09090909090909091,0.0,0.8333333333333334,0.16666666666666666,0.0,0.3333333333333333,0.6666666666666666,0.0,0.3125,0.625,0.0625
Fist of War Support,Fist of War Support,False,False,True,False,50,100,50,0,200,0.6666666666666666,0.3333333333333333,0.0,0.5,0.5,0.0,0.3333333333333333,0.6666666666666666,0.0,0.25,0.5,0.25
Focused Ballista Support,Focused Ballista Support,False,False,True,False,100,50,50,0,200,0.5,0.5,0.0,0.6666666666666666,0.3333333333333333,0.0,0.6666666666666666,0.3333333333333333,0.0,0.5,0.25,0.25
Fork Support,Fork Support,True,False,True,False,50,100,10,0,160,0.9090909090909091,0.09090909090909091,0.0,0.8333333333333334,0.16666666666666666,0.0,0.3333333333333333,0.6666666666666666,0.0,0.3125,0.625,0.0625
Fortify Support,Fortify Support,False,False,True,False,100,50,50,0,200,0.5,0.5,0.0,0.6666666666666666,0.3333333333333333,0.0,0.6666666666666666,0.3333333333333333,0.0,0.5,0.25,0.25
Ice Bite Support,Ice Bite Support,False,False,True,False,50,100,100,0,250,0.5,0.5,0.0,0.3333333333333333,0.6666666666666666,0.0,0.3333333333333333,0.6666666666666666,0.0,0.2,0.4,0.4
Charged Traps Support,Charged Traps Support,False,False,True,False,50,100,100,0,250,0.5,0.5,0.0,0.3333333333333333,0.6666666666666666,0.0,0.3333333333333333,0.6666666666666666,0.0,0.2,0.4,0.4
Generosity Support,Generosity Support,True,False,True,False,50,10,50,0,110,0.16666666666666666,0.8333333333333334,0.0,0.5,0.5,0.0,0.8333333333333334,0.16666666666666666,0.0,0.45454545454545453,0.09090909090909091,0.45454545454545453
Greater Multiple Projectiles Support,Greater Multiple Projectiles Support,True,False,True,False,50,100,50,0,200,0.6666666666666666,0.3333333333333333,0.0,0.5,0.5,0.0,0.3333333333333333,0.6666666666666666,0.0,0.25,0.5,0.25
Greater Volley Support,Greater Volley Support,False,False,True,False,50,100,100,0,250,0.5,0.5,0.0,0.3333333333333333,0.6666666666666666,0.0,0.3333333333333333,0.6666666666666666,0.0,0.2,0.4,0.4
Unleash Support,Unleash Support,True,False,True,False,50,50,10,0,110,0.8333333333333334,0.16666666666666666,0.0,0.8333333333333334,0.16666666666666666,0.0,0.5,0.5,0.0,0.45454545454545453,0.45454545454545453,0.09090909090909091
Intensify Support,Intensify Support,False,False,True,False,50,100,50,50,250,0.5,0.25,0.25,0.3333333333333333,0.3333333333333333,0.3333333333333333,0.25,0.5,0.25,0.25,0.5,0.25
Hex Bloom Support,Hex Bloom Support,False,False,True,False,100,50,50,0,200,0.5,0.5,0.0,0.6666666666666666,0.3333333333333333,0.0,0.6666666666666666,0.3333333333333333,0.0,0.5,0.25,0.25
High-Impact Mine Support,High-Impact Mine Support,False,False,True,False,50,50,100,0,200,0.3333333333333333,0.6666666666666666,0.0,0.3333333333333333,0.6666666666666666,0.0,0.5,0.5,0.0,0.25,0.25,0.5
Ignite Proliferation Support,Ignite Proliferation Support,False,False,True,False,50,100,100,0,250,0.5,0.5,0.0,0.3333333333333333,0.6666666666666666,0.0,0.3333333333333333,0.6666666666666666,0.0,0.2,0.4,0.4
Immolate Support,Immolate Support,False,False,True,False,50,100,100,0,250,0.5,0.5,0.0,0.3333333333333333,0.6666666666666666,0.0,0.3333333333333333,0.6666666666666666,0.0,0.2,0.4,0.4
Impale Support,Impale Support,False,False,True,False,50,100,20,0,170,0.8333333333333334,0.16666666666666666,0.0,0.7142857142857143,0.2857142857142857,0.0,0.3333333333333333,0.6666666666666666,0.0,0.29411764705882354,0.5882352941176471,0.11764705882352941
Impending Doom Support,Impending Doom Support,False,False,True,False,50,100,20,0,170,0.8333333333333334,0.16666666666666666,0.0,0.7142857142857143,0.2857142857142857,0.0,0.3333333333333333,0.6666666666666666,0.0,0.29411764705882354,0.5882352941176471,0.11764705882352941
Increased Area of Effect Support,Increased Area of Effect Support,True,False,True,False,100,50,50,0,200,0.5,0.5,0.0,0.6666666666666666,0.3333333333333333,0.0,0.6666666666666666,0.3333333333333333,0.0,0.5,0.25,0.25
Burning Damage Support,Burning Damage Support,True,False,True,False,50,100,100,0,250,0.5,0.5,0.0,0.3333333333333333,0.6666666666666666,0.0,0.3333333333333333,0.6666666666666666,0.0,0.2,0.4,0.4
Increased Critical Damage Support,Increased Critical Damage Support,False,False,True,False,50,100,100,0,250,0.5,0.5,0.0,0.3333333333333333,0.6666666666666666,0.0,0.3333333333333333,0.6666666666666666,0.0,0.2,0.4,0.4
Increased Critical Strikes Support,Increased Critical Strikes Support,False,False,True,False,50,100,20,0,170,0.8333333333333334,0.16666666666666666,0.0,0.7142857142857143,0.2857142857142857,0.0,0.3333333333333333,0.6666666666666666,0.0,0.29411764705882354,0.5882352941176471,0.11764705882352941
Increased Duration Support,Increased Duration Support,False,False,True,False,50,20,50,0,120,0.2857142857142857,0.7142857142857143,0.0,0.5,0.5,0.0,0.7142857142857143,0.2857142857142857,0.0,0.4166666666666667,0.16666666666666666,0.4166666666666667
Infernal Legion Support,Infernal Legion Support,False,False,True,False,50,100,100,0,250,0.5,0.5,0.0,0.3333333333333333,0.6666666666666666,0.0,0.3333333333333333,0.6666666666666666,0.0,0.2,0.4,0.4
Iron Grip Support,Iron Grip Support,False,False,True,False,50,100,100,0,250,0.5,0.5,0.0,0.3333333333333333,0.6666666666666666,0.0,0.3333333333333333,0.6666666666666666,0.0,0.2,0.4,0.4
Iron Will Support,Iron Will Support,False,False,True,False,50,100,100,0,250,0.5,0.5,0.0,0.3333333333333333,0.6666666666666666,0.0,0.3333333333333333,0.6666666666666666,0.0,0.2,0.4,0.4
Item Quantity Support,Item Quantity Support,False,False,True,False,50,0,0,0,50,,,,1.0,0.0,0.0,1.0,0.0,0.0,1.0,0.0,0.0
Item Rarity Support,Item Rarity Support,False,False,True,False,10000,1,0,0,10001,1.0,0.0,0.0,1.0,0.0,0.0,0.9999000099990001,9.999000099990002e-05,0.0,0.9999000099990001,9.999000099990002e-05,0.0
Knockback Support,Knockback Support,False,False,True,False,50,100,100,0,250,0.5,0.5,0.0,0.3333333333333333,0.6666666666666666,0.0,0.3333333333333333,0.6666666666666666,0.0,0.2,0.4,0.4
Lesser Multiple Projectiles Support,Lesser Multiple Projectiles Support,False,False,True,False,50,100,50,0,200,0.6666666666666666,0.3333333333333333,0.0,0.5,0.5,0.0,0.3333333333333333,0.6666666666666666,0.0,0.25,0.5,0.25
Chance to Poison Support,Chance to Poison Support,False,False,True,False,50,20,100,0,170,0.16666666666666666,0.8333333333333334,0.0,0.3333333333333333,0.6666666666666666,0.0,0.7142857142857143,0.2857142857142857,0.0,0.29411764705882354,0.11764705882352941,0.5882352941176471
Life Gain on Hit Support,Life Gain on Hit Support,False,False,True,False,50,100,10,0,160,0.9090909090909091,0.09090909090909091,0.0,0.8333333333333334,0.16666666666666666,0.0,0.3333333333333333,0.6666666666666666,0.0,0.3125,0.625,0.0625
Life Leech Support,Life Leech Support,False,False,True,False,50,100,50,0,200,0.6666666666666666,0.3333333333333333,0.0,0.5,0.5,0.0,0.3333333333333333,0.6666666666666666,0.0,0.25,0.5,0.25
Lifetap Support,Lifetap Support,False,False,True,False,100,50,50,0,200,0.5,0.5,0.0,0.6666666666666666,0.3333333333333333,0.0,0.6666666666666666,0.3333333333333333,0.0,0.5,0.25,0.25
Lightning Penetration Support,Lightning Penetration Support,True,False,True,False,50,100,100,0,250,0.5,0.5,0.0,0.3333333333333333,0.6666666666666666,0.0,0.3333333333333333,0.6666666666666666,0.0,0.2,0.4,0.4
Maim Support,Maim Support,False,False,True,False,50,100,100,0,250,0.5,0.5,0.0,0.3333333333333333,0.6666666666666666,0.0,0.3333333333333333,0.6666666666666666,0.0,0.2,0.4,0.4
Mana Leech Support,Mana Leech Support,False,False,True,False,50,5,20,0,75,0.2,0.8,0.0,0.7142857142857143,0.2857142857142857,0.0,0.9090909090909091,0.09090909090909091,0.0,0.6666666666666666,0.06666666666666667,0.26666666666666666
Mark On Hit Support,Mark On Hit Support,False,False,True,False,100,50,50,0,200,0.5,0.5,0.0,0.6666666666666666,0.3333333333333333,0.0,0.6666666666666666,0.3333333333333333,0.0,0.5,0.25,0.25
Meat Shield Support,Meat Shield Support,False,False,True,False,50,100,20,0,170,0.8333333333333334,0.16666666666666666,0.0,0.7142857142857143,0.2857142857142857,0.0,0.3333333333333333,0.6666666666666666,0.0,0.29411764705882354,0.5882352941176471,0.11764705882352941
Damage on Full Life Support,Damage on Full Life Support,False,False,True,False,50,20,100,0,170,0.16666666666666666,0.8333333333333334,0.0,0.3333333333333333,0.6666666666666666,0.0,0.7142857142857143,0.2857142857142857,0.0,0.29411764705882354,0.11764705882352941,0.5882352941176471
Melee Physical Damage Support,Melee Physical Damage Support,True,False,True,False,50,10,50,0,110,0.16666666666666666,0.8333333333333334,0.0,0.5,0.5,0.0,0.8333333333333334,0.16666666666666666,0.0,0.45454545454545453,0.09090909090909091,0.45454545454545453
Melee Splash Support,Melee Splash Support,True,False,True,False,50,100,50,0,200,0.6666666666666666,0.3333333333333333,0.0,0.5,0.5,0.0,0.3333333333333333,0.6666666666666666,0.0,0.25,0.5,0.25
Minefield Support,Minefield Support,False,False,True,False,50,20,5,0,75,0.8,0.2,0.0,0.9090909090909091,0.09090909090909091,0.0,0.7142857142857143,0.2857142857142857,0.0,0.6666666666666666,0.26666666666666666,0.06666666666666667
Minion Damage Support,Minion Damage Support,True,False,True,False,50,100,20,0,170,0.8333333333333334,0.16666666666666666,0.0,0.7142857142857143,0.2857142857142857,0.0,0.3333333333333333,0.6666666666666666,0.0,0.29411764705882354,0.5882352941176471,0.11764705882352941
Minion Life Support,Minion Life Support,False,False,True,False,50,20,100,0,170,0.16666666666666666,0.8333333333333334,0.0,0.3333333333333333,0.6666666666666666,0.0,0.7142857142857143,0.2857142857142857,0.0,0.29411764705882354,0.11764705882352941,0.5882352941176471
Minion Speed Support,Minion Speed Support,False,False,True,False,50,100,20,0,170,0.8333333333333334,0.16666666666666666,0.0,0.7142857142857143,0.2857142857142857,0.0,0.3333333333333333,0.6666666666666666,0.0,0.29411764705882354,0.5882352941176471,0.11764705882352941
Mirage Archer Support,Mirage Archer Support,False,False,True,False,50,10,50,0,110,0.16666666666666666,0.8333333333333334,0.0,0.5,0.5,0.0,0.8333333333333334,0.16666666666666666,0.0,0.45454545454545453,0.09090909090909091,0.45454545454545453
Spell Echo Support,Spell Echo Support,True,False,True,False,50,100,20,0,170,0.8333333333333334,0.16666666666666666,0.0,0.7142857142857143,0.2857142857142857,0.0,0.3333333333333333,0.6666666666666666,0.0,0.29411764705882354,0.5882352941176471,0.11764705882352941
Multistrike Support,Multistrike Support,True,False,True,False,50,50,100,0,200,0.3333333333333333,0.6666666666666666,0.0,0.3333333333333333,0.6666666666666666,0.0,0.5,0.5,0.0,0.25,0.25,0.5
Multiple Totems Support,Multiple Totems Support,False,False,True,False,50,100,100,0,250,0.5,0.5,0.0,0.3333333333333333,0.6666666666666666,0.0,0.3333333333333333,0.6666666666666666,0.0,0.2,0.4,0.4
Multiple Traps Support,Multiple Traps Support,False,False,True,False,50,20,50,0,120,0.2857142857142857,0.7142857142857143,0.0,0.5,0.5,0.0,0.7142857142857143,0.2857142857142857,0.0,0.4166666666666667,0.16666666666666666,0.4166666666666667
Nightblade Support,Nightblade Support,False,False,True,False,50,20,100,0,170,0.16666666666666666,0.8333333333333334,0.0,0.3333333333333333,0.6666666666666666,0.0,0.7142857142857143,0.2857142857142857,0.0,0.29411764705882354,0.11764705882352941,0.5882352941176471
Onslaught Support,Onslaught Support,False,False,True,False,50,100,100,0,250,0.5,0.5,0.0,0.3333333333333333,0.6666666666666666,0.0,0.3333333333333333,0.6666666666666666,0.0,0.2,0.4,0.4
Innervate Support,Innervate Support,False,False,True,False,50,100,10,0,160,0.9090909090909091,0.09090909090909091,0.0,0.8333333333333334,0.16666666666666666,0.0,0.3333333333333333,0.6666666666666666,0.0,0.3125,0.625,0.0625
Overcharge Support,Overcharge Support,False,False,True,False,100,50,50,0,200,0.5,0.5,0.0,0.6666666666666666,0.3333333333333333,0.0,0.6666666666666666,0.3333333333333333,0.0,0.5,0.25,0.25
Volley Support,Volley Support,False,False,True,False,50,100,100,0,250,0.5,0.5,0.0,0.3333333333333333,0.6666666666666666,0.0,0.3333333333333333,0.6666666666666666,0.0,0.2,0.4,0.4
Vicious Projectiles Support,Vicious Projectiles Support,True,False,True,False,50,100,100,0,250,0.5,0.5,0.0,0.3333333333333333,0.6666666666666666,0.0,0.3333333333333333,0.6666666666666666,0.0,0.2,0.4,0.4
Physical to Lightning Support,Physical to Lightning Support,False,False,True,False,50,100,20,0,170,0.8333333333333334,0.16666666666666666,0.0,0.7142857142857143,0.2857142857142857,0.0,0.3333333333333333,0.6666666666666666,0.0,0.29411764705882354,0.5882352941176471,0.11764705882352941
Pierce Support,Pierce Support,False,False,True,False,50,100,100,0,250,0.5,0.5,0.0,0.3333333333333333,0.6666666666666666,0.0,0.3333333333333333,0.6666666666666666,0.0,0.2,0.4,0.4
Pinpoint Support,Pinpoint Support,False,False,True,False,50,100,100,0,250,0.5,0.5,0.0,0.3333333333333333,0.6666666666666666,0.0,0.3333333333333333,0.6666666666666666,0.0,0.2,0.4,0.4
Point Blank Support,Point Blank Support,False,False,True,False,50,100,5,0,155,0.9523809523809523,0.047619047619047616,0.0,0.9090909090909091,0.09090909090909091,0.0,0.3333333333333333,0.6666666666666666,0.0,0.3225806451612903,0.6451612903225806,0.03225806451612903
Critical Strike Affliction Support,Critical Strike Affliction Support,False,False,True,False,50,100,100,0,250,0.5,0.5,0.0,0.3333333333333333,0.6666666666666666,0.0,0.3333333333333333,0.6666666666666666,0.0,0.2,0.4,0.4
Power Charge On Critical Support,Power Charge On Critical Support,False,False,True,False,50,100,10,0,160,0.9090909090909091,0.09090909090909091,0.0,0.8333333333333334,0.16666666666666666,0.0,0.3333333333333333,0.6666666666666666,0.0,0.3125,0.625,0.0625
Pulverise Support,Pulverise Support,False,False,True,False,50,100,20,0,170,0.8333333333333334,0.16666666666666666,0.0,0.7142857142857143,0.2857142857142857,0.0,0.3333333333333333,0.6666666666666666,0.0,0.29411764705882354,0.5882352941176471,0.11764705882352941
Rage Support,Rage Support,False,False,True,False,50,100,5,0,155,0.9523809523809523,0.047619047619047616,0.0,0.9090909090909091,0.09090909090909091,0.0,0.3333333333333333,0.6666666666666666,0.0,0.3225806451612903,0.6451612903225806,0.03225806451612903
Ballista Totem Support,Ballista Totem Support,False,False,True,False,50,100,50,10,210,0.625,0.3125,0.0625,0.45454545454545453,0.45454545454545453,0.09090909090909091,0.3125,0.625,0.0625,0.25,0.5,0.25
Swift Affliction Support,Swift Affliction Support,True,False,True,False,50,100,10,0,160,0.9090909090909091,0.09090909090909091,0.0,0.8333333333333334,0.16666666666666666,0.0,0.3333333333333333,0.6666666666666666,0.0,0.3125,0.625,0.0625
Less Duration Support,Less Duration Support,False,False,True,False,50,100,20,0,170,0.8333333333333334,0.16666666666666666,0.0,0.7142857142857143,0.2857142857142857,0.0,0.3333333333333333,0.6666666666666666,0.0,0.29411764705882354,0.5882352941176471,0.11764705882352941
Inspiration Support,Inspiration Support,False,False,True,False,50,100,100,0,250,0.5,0.5,0.0,0.3333333333333333,0.6666666666666666,0.0,0.3333333333333333,0.6666666666666666,0.0,0.2,0.4,0.4
Blastchain Mine Support,Blastchain Mine Support,False,False,True,False,50,50,20,0,120,0.7142857142857143,0.2857142857142857,0.0,0.7142857142857143,0.2857142857142857,0.0,0.5,0.5,0.0,0.4166666666666667,0.4166666666666667,0.16666666666666666
Ruthless Support,Ruthless Support,False,False,True,False,50,100,100,0,250,0.5,0.5,0.0,0.3333333333333333,0.6666666666666666,0.0,0.3333333333333333,0.6666666666666666,0.0,0.2,0.4,0.4
Second Wind Support,Second Wind Support,False,False,True,False,50,20,10,0,80,0.6666666666666666,0.3333333333333333,0.0,0.8333333333333334,0.16666666666666666,0.0,0.7142857142857143,0.2857142857142857,0.0,0.625,0.25,0.125
Shockwave Support,Shockwave Support,False,False,True,False,50,100,100,0,250,0.5,0.5,0.0,0.3333333333333333,0.6666666666666666,0.0,0.3333333333333333,0.6666666666666666,0.0,0.2,0.4,0.4
Slower Projectiles Support,Slower Projectiles Support,False,False,True,False,50,100,20,0,170,0.8333333333333334,0.16666666666666666,0.0,0.7142857142857143,0.2857142857142857,0.0,0.3333333333333333,0.6666666666666666,0.0,0.29411764705882354,0.5882352941176471,0.11764705882352941
Spell Cascade Support,Spell Cascade Support,True,False,True,False,50,100,20,0,170,0.8333333333333334,0.16666666666666666,0.0,0.7142857142857143,0.2857142857142857,0.0,0.3333333333333333,0.6666666666666666,0.0,0.29411764705882354,0.5882352941176471,0.11764705882352941
Spell Totem Support,Spell Totem Support,False,False,True,False,50,100,100,0,250,0.5,0.5,0.0,0.3333333333333333,0.6666666666666666,0.0,0.3333333333333333,0.6666666666666666,0.0,0.2,0.4,0.4
Ancestral Call Support,Ancestral Call Support,True,False,True,False,50,100,20,0,170,0.8333333333333334,0.16666666666666666,0.0,0.7142857142857143,0.2857142857142857,0.0,0.3333333333333333,0.6666666666666666,0.0,0.29411764705882354,0.5882352941176471,0.11764705882352941
Infused Channelling Support,Infused Channelling Support,False,False,True,False,50,100,20,0,170,0.8333333333333334,0.16666666666666666,0.0,0.7142857142857143,0.2857142857142857,0.0,0.3333333333333333,0.6666666666666666,0.0,0.29411764705882354,0.5882352941176471,0.11764705882352941
Stun Support,Stun Support,False,False,True,False,50,100,10,0,160,0.9090909090909091,0.09090909090909091,0.0,0.8333333333333334,0.16666666666666666,0.0,0.3333333333333333,0.6666666666666666,0.0,0.3125,0.625,0.0625
Elemental Army Support,Elemental Army Support,False,False,True,False,50,100,20,0,170,0.8333333333333334,0.16666666666666666,0.0,0.7142857142857143,0.2857142857142857,0.0,0.3333333333333333,0.6666666666666666,0.0,0.29411764705882354,0.5882352941176471,0.11764705882352941
Summon Phantasm Support,Summon Phantasm Support,False,False,True,False,50,100,100,0,250,0.5,0.5,0.0,0.3333333333333333,0.6666666666666666,0.0,0.3333333333333333,0.6666666666666666,0.0,0.2,0.4,0.4
Swift Assembly Support,Swift Assembly Support,False,False,True,False,100,50,20,0,170,0.7142857142857143,0.2857142857142857,0.0,0.8333333333333334,0.16666666666666666,0.0,0.6666666666666666,0.3333333333333333,0.0,0.5882352941176471,0.29411764705882354,0.11764705882352941
Swiftbrand Support,Swiftbrand Support,False,False,True,False,50,50,100,0,200,0.3333333333333333,0.6666666666666666,0.0,0.3333333333333333,0.6666666666666666,0.0,0.5,0.5,0.0,0.25,0.25,0.5
Trap Support,Trap Support,False,False,True,False,50,100,100,0,250,0.5,0.5,0.0,0.3333333333333333,0.6666666666666666,0.0,0.3333333333333333,0.6666666666666666,0.0,0.2,0.4,0.4
Trap and Mine Damage Support,Trap and Mine Damage Support,False,False,True,False,50,100,10,0,160,0.9090909090909091,0.09090909090909091,0.0,0.8333333333333334,0.16666666666666666,0.0,0.3333333333333333,0.6666666666666666,0.0,0.3125,0.625,0.0625
Advanced Traps Support,Advanced Traps Support,False,False,True,False,50,100,100,0,250,0.5,0.5,0.0,0.3333333333333333,0.6666666666666666,0.0,0.3333333333333333,0.6666666666666666,0.0,0.2,0.4,0.4
Trinity Support,Trinity Support,False,False,True,False,100,50,20,0,170,0.7142857142857143,0.2857142857142857,0.0,0.8333333333333334,0.16666666666666666,0.0,0.6666666666666666,0.3333333333333333,0.0,0.5882352941176471,0.29411764705882354,0.11764705882352941
Unbound Ailments Support,Unbound Ailments Support,True,False,True,False,50,100,100,0,250,0.5,0.5,0.0,0.3333333333333333,0.6666666666666666,0.0,0.3333333333333333,0.6666666666666666,0.0,0.2,0.4,0.4
Urgent Orders Support,Urgent Orders Support,False,False,True,False,50,100,5,0,155,0.9523809523809523,0.047619047619047616,0.0,0.9090909090909091,0.09090909090909091,0.0,0.3333333333333333,0.6666666666666666,0.0,0.3225806451612903,0.6451612903225806,0.03225806451612903
Vile Toxins Support,Vile Toxins Support,False,False,True,False,50,100,100,0,250,0.5,0.5,0.0,0.3333333333333333,0.6666666666666666,0.0,0.3333333333333333,0.6666666666666666,0.0,0.2,0.4,0.4
Void Manipulation Support,Void Manipulation Support,True,False,True,False,50,100,10,0,160,0.9090909090909091,0.09090909090909091,0.0,0.8333333333333334,0.16666666666666666,0.0,0.3333333333333333,0.6666666666666666,0.0,0.3125,0.625,0.0625
Elemental Damage with Attacks Support,Elemental Damage with Attacks Support,True,False,True,False,50,100,10,0,160,0.9090909090909091,0.09090909090909091,0.0,0.8333333333333334,0.16666666666666666,0.0,0.3333333333333333,0.6666666666666666,0.0,0.3125,0.625,0.0625
